Trip Start Timestamp,Trip End Timestamp,Trip Seconds,Trip Miles,Fare,Pickup Latitude,Pickup Longitude,Dropoff Latitude,Dropoff Longitude
12/31/2016 12:00:00 AM,12/31/2016 12:15:00 AM,660,4.55,14.5,41.899602111,-87.633308037,41.922686284,-87.649488729
12/31/2016 12:00:00 AM,12/31/2016 12:00:00 AM,420,1.6,7.5,41.922686284,-87.649488729,41.901206994,-87.676355989
01/01/2017 12:00:00 AM,01/01/2017 12:00:00 AM,0,0.0,3.25,41.901206994,-87.676355989,41.986711799999995,-87.663416405
12/31/2016 12:00:00 AM,12/31/2016 12:15:00 AM,480,2.5,9.25,41.975170943,-87.687515515,41.986711799999995,-87.663416405
12/31/2016 12:00:00 AM,12/31/2016 12:15:00 AM,480,0.1,8.75,41.96581197,-87.655878786,41.975170943,-87.687515515
12/31/2016 12:00:00 AM,12/31/2016 12:15:00 AM,180,0.0,5.5,41.901206994,-87.676355989,41.901206994,-87.676355989
12/31/2016 12:00:00 AM,12/31/2016 12:15:00 AM,540,1.34,7.5,41.90749193,-87.63576009,41.892042136,-87.63186395
01/01/2017 12:00:00 AM,01/01/2017 12:30:00 AM,1260,0.7,10.0,41.880994471,-87.632746489,41.892507781,-87.626214906
01/01/2017 12:00:00 AM,01/01/2017 12:00:00 AM,120,0.3,4.25,41.899155613000005,-87.626210532,41.899155613000005,-87.626210532
12/31/2016 12:00:00 AM,12/31/2016 12:00:00 AM,240,0.3,4.5,41.892042136,-87.63186395,41.892042136,-87.63186395
12/31/2016 12:00:00 AM,12/31/2016 12:15:00 AM,720,0.0,10.5,41.96581197,-87.655878786,41.947791586,-87.683834942
01/01/2017 12:00:00 AM,01/01/2017 12:00:00 AM,660,0.0,10.0,41.96581197,-87.655878786,41.968069,-87.72155906299999
12/31/2016 12:00:00 AM,12/31/2016 12:15:00 AM,540,0.0,7.25,41.899155613000005,-87.626210532,41.905857769,-87.63086502700001
12/31/2016 12:00:00 AM,12/31/2016 12:00:00 AM,420,1.4,7.0,41.944226601,-87.655998182,41.944226601,-87.655998182
12/31/2016 12:00:00 AM,12/31/2016 12:15:00 AM,540,1.3,7.5,41.880994471,-87.632746489,41.905857769,-87.63086502700001
12/31/2016 12:00:00 AM,12/31/2016 12:15:00 AM,360,0.62,5.5,41.90749193,-87.63576009,41.900221297,-87.629105186
01/01/2017 12:00:00 AM,01/01/2017 12:30:00 AM,1200,5.9,18.5,41.899602111,-87.633308037,41.944226601,-87.655998182
12/31/2016 12:00:00 AM,12/31/2016 12:15:00 AM,360,1.5,6.75,41.892042136,-87.63186395,41.90749193,-87.63576009
01/01/2017 12:00:00 AM,01/01/2017 12:30:00 AM,1260,0.3,10.0,41.880994471,-87.632746489,41.884987192,-87.620992913
12/31/2016 12:00:00 AM,12/31/2016 12:00:00 AM,180,0.7,5.0,41.944226601,-87.655998182,41.944226601,-87.655998182
01/01/2017 12:00:00 AM,01/01/2017 12:00:00 AM,360,0.6,5.5,41.944226601,-87.655998182,41.944226601,-87.655998182
01/01/2017 12:00:00 AM,01/01/2017 12:15:00 AM,1140,2.3,11.5,41.880994471,-87.632746489,41.899155613000005,-87.626210532
01/01/2017 12:00:00 AM,01/01/2017 12:00:00 AM,660,0.0,7.25,41.900221297,-87.629105186,41.892042136,-87.63186395
01/01/2017 12:00:00 AM,01/01/2017 12:00:00 AM,240,0.6,4.75,41.952822916,-87.65324399200001,41.942691844,-87.65177050700001
01/01/2017 12:00:00 AM,01/01/2017 12:15:00 AM,1200,0.3,17.0,41.899602111,-87.633308037,41.944226601,-87.655998182
12/31/2016 12:00:00 AM,12/31/2016 12:15:00 AM,660,1.7,8.5,41.879255084,-87.642648998,41.884987192,-87.620992913
12/31/2016 12:00:00 AM,12/31/2016 12:00:00 AM,240,0.6,5.0,41.892072635,-87.62887415700001,41.880994471,-87.632746489
12/31/2016 12:00:00 AM,12/31/2016 12:00:00 AM,321,1.03,6.0,41.892042136,-87.63186395,41.898331794,-87.620762865
01/01/2017 12:00:00 AM,01/01/2017 12:00:00 AM,120,0.4,4.25,41.880994471,-87.632746489,41.880994471,-87.632746489
12/31/2016 12:00:00 AM,12/31/2016 12:00:00 AM,480,1.0,6.5,41.892042136,-87.63186395,41.884987192,-87.620992913
12/31/2016 12:00:00 AM,12/31/2016 12:00:00 AM,300,1.0,5.75,41.892072635,-87.62887415700001,41.900221297,-87.629105186
01/01/2017 12:00:00 AM,01/01/2017 12:15:00 AM,600,2.1,9.0,41.885300021999996,-87.642808466,41.90749193,-87.63576009
01/01/2017 12:00:00 AM,01/01/2017 12:15:00 AM,900,0.5,8.75,41.892507781,-87.626214906,41.890922026,-87.618868355
01/01/2017 12:00:00 AM,01/01/2017 12:00:00 AM,300,0.0,6.0,41.89830587,-87.65361398200001,41.89321636,-87.63784421
12/31/2016 12:00:00 AM,12/31/2016 12:15:00 AM,1080,3.8,14.25,41.899602111,-87.633308037,41.944226601,-87.655998182
01/01/2017 12:00:00 AM,01/01/2017 12:15:00 AM,480,0.0,7.0,41.901206994,-87.676355989,41.899602111,-87.633308037
12/31/2016 12:00:00 AM,12/31/2016 12:00:00 AM,480,1.5,7.75,41.892042136,-87.63186395,41.870607371999995,-87.622172937
01/01/2017 12:00:00 AM,01/01/2017 12:00:00 AM,300,0.9,5.5,41.944226601,-87.655998182,41.944226601,-87.655998182
01/01/2017 12:00:00 AM,01/01/2017 12:15:00 AM,1140,0.3,17.5,41.740205756,-87.61596952299999,41.812948939,-87.61785967600001
01/01/2017 12:00:00 AM,01/01/2017 12:15:00 AM,1140,0.0,10.5,41.89830587,-87.65361398200001,41.884987192,-87.620992913
01/01/2017 12:00:00 AM,01/01/2017 12:00:00 AM,180,0.3,4.25,41.89321636,-87.63784421,41.89321636,-87.63784421
12/31/2016 12:00:00 AM,12/31/2016 12:00:00 AM,492,1.54,7.25,41.892042136,-87.63186395,41.907520075,-87.62665890000001
12/31/2016 12:00:00 AM,12/31/2016 12:00:00 AM,240,0.9,5.5,41.944226601,-87.655998182,41.944226601,-87.655998182
01/01/2017 12:00:00 AM,01/01/2017 12:00:00 AM,780,1.8,8.25,41.892042136,-87.63186395,41.907412816,-87.640901525
01/01/2017 12:00:00 AM,01/01/2017 12:15:00 AM,1440,14.6,37.5,41.954027649000004,-87.76339903200001,41.860190019,-87.71722009999999
01/01/2017 12:00:00 AM,01/01/2017 12:00:00 AM,360,0.0,4.75,41.880994471,-87.632746489,41.880994471,-87.632746489
01/01/2017 12:00:00 AM,01/01/2017 12:00:00 AM,300,0.7,7.25,41.880994471,-87.632746489,41.89321636,-87.63784421
12/31/2016 12:00:00 AM,12/31/2016 12:15:00 AM,480,1.6,7.25,41.899602111,-87.633308037,41.899602111,-87.633308037
12/31/2016 12:00:00 AM,12/31/2016 12:15:00 AM,180,0.4,4.25,41.90749193,-87.63576009,41.90749193,-87.63576009
12/31/2016 12:00:00 AM,12/31/2016 12:15:00 AM,660,0.0,10.25,41.901206994,-87.676355989,41.92276062,-87.69915534299999
01/01/2017 12:00:00 AM,01/01/2017 12:30:00 AM,1587,6.14,22.0,41.877406123,-87.62197165200001,41.962178629,-87.645378762
01/01/2017 12:00:00 AM,01/01/2017 12:30:00 AM,1500,17.4,43.25,41.97907082,-87.90303966100001,41.892507781,-87.626214906
12/31/2016 12:00:00 AM,12/31/2016 12:15:00 AM,240,0.7,5.0,41.944226601,-87.655998182,41.944226601,-87.655998182
01/01/2017 12:00:00 AM,01/01/2017 12:30:00 AM,1260,1.3,11.0,41.880994471,-87.632746489,41.892507781,-87.626214906
01/01/2017 12:00:00 AM,01/01/2017 12:15:00 AM,1440,3.4,14.0,41.899602111,-87.633308037,41.899602111,-87.633308037
12/31/2016 12:00:00 AM,12/31/2016 12:15:00 AM,600,4.6,14.0,41.972709547,-87.65734110700001,41.929077655,-87.646293476
01/01/2017 12:00:00 AM,01/01/2017 12:15:00 AM,480,1.4,7.5,41.89321636,-87.63784421,41.885300021999996,-87.642808466
01/01/2017 12:00:00 AM,01/01/2017 12:00:00 AM,0,0.2,3.75,41.901206994,-87.676355989,41.986711799999995,-87.663416405
12/31/2016 12:00:00 AM,12/31/2016 12:15:00 AM,600,1.0,7.5,41.900221297,-87.629105186,41.892042136,-87.63186395
01/01/2017 12:00:00 AM,01/01/2017 12:15:00 AM,457,1.17,6.75,41.880994471,-87.632746489,41.877406123,-87.62197165200001
12/31/2016 12:00:00 AM,12/31/2016 12:15:00 AM,480,3.6,11.75,41.901206994,-87.676355989,41.92276062,-87.69915534299999
12/31/2016 12:00:00 AM,12/31/2016 12:15:00 AM,780,6.0,17.75,41.879255084,-87.642648998,41.938391258,-87.63857492
01/01/2017 12:00:00 AM,01/01/2017 12:00:00 AM,240,0.8,5.5,41.899602111,-87.633308037,41.899602111,-87.633308037
12/31/2016 12:00:00 AM,12/31/2016 12:00:00 AM,600,2.5,9.75,41.92276062,-87.69915534299999,41.944226601,-87.655998182
01/01/2017 12:00:00 AM,01/01/2017 12:15:00 AM,840,5.6,17.0,41.878865584,-87.625192142,41.944226601,-87.655998182
01/01/2017 12:00:00 AM,01/01/2017 12:00:00 AM,300,1.1,6.0,41.944226601,-87.655998182,41.944226601,-87.655998182
12/31/2016 12:00:00 AM,12/31/2016 12:15:00 AM,240,0.0,5.0,41.880994471,-87.632746489,41.892042136,-87.63186395
12/31/2016 12:00:00 AM,12/31/2016 12:00:00 AM,300,1.1,6.0,41.880994471,-87.632746489,41.884987192,-87.620992913
01/01/2017 12:00:00 AM,01/01/2017 12:15:00 AM,720,0.0,9.0,41.892507781,-87.626214906,41.87101588,-87.631406525
01/01/2017 12:00:00 AM,01/01/2017 12:30:00 AM,1620,0.0,41.25,41.79259236,-87.76961545299999,41.944226601,-87.655998182
12/31/2016 12:00:00 AM,12/31/2016 12:15:00 AM,360,1.3,6.75,41.892507781,-87.626214906,41.885300021999996,-87.642808466
12/31/2016 12:00:00 AM,12/31/2016 12:15:00 AM,300,1.7,5.75,41.901206994,-87.676355989,41.901206994,-87.676355989
01/01/2017 12:00:00 AM,01/01/2017 12:15:00 AM,660,0.1,9.25,41.899602111,-87.633308037,41.922686284,-87.649488729
01/01/2017 12:00:00 AM,01/01/2017 12:00:00 AM,540,3.2,11.0,41.922686284,-87.649488729,41.944226601,-87.655998182
01/01/2017 12:00:00 AM,01/01/2017 12:15:00 AM,840,0.0,19.75,41.899602111,-87.633308037,41.808916283,-87.596183344
01/01/2017 12:00:00 AM,01/01/2017 12:30:00 AM,1200,7.1,21.25,41.899602111,-87.633308037,41.900069603,-87.720918238
01/01/2017 12:00:00 AM,01/01/2017 12:15:00 AM,120,0.5,4.5,41.953582125,-87.72345239,41.953582125,-87.72345239
01/01/2017 12:00:00 AM,01/01/2017 12:00:00 AM,60,0.0,3.25,41.892507781,-87.626214906,41.892507781,-87.626214906
01/01/2017 12:00:00 AM,01/01/2017 12:00:00 AM,600,3.5,12.0,41.879255084,-87.642648998,41.899506548000005,-87.67960028700001
12/31/2016 12:00:00 AM,12/31/2016 12:00:00 AM,448,1.62,7.5,41.899602111,-87.633308037,41.878865584,-87.625192142
01/01/2017 12:00:00 AM,01/01/2017 12:15:00 AM,360,0.0,6.5,41.899155613000005,-87.626210532,41.905857769,-87.63086502700001
12/31/2016 12:00:00 AM,12/31/2016 12:30:00 AM,1140,0.4,21.0,41.879255084,-87.642648998,41.94258518,-87.65664409200001
01/01/2017 12:00:00 AM,01/01/2017 12:30:00 AM,960,1.4,9.5,41.880994471,-87.632746489,41.884987192,-87.620992913
12/31/2016 12:00:00 AM,12/31/2016 12:00:00 AM,240,1.1,6.0,41.96581197,-87.655878786,41.96581197,-87.655878786
12/31/2016 12:00:00 AM,12/31/2016 12:15:00 AM,900,0.3,16.75,41.921778188000005,-87.651061884,41.880994471,-87.632746489
01/01/2017 12:00:00 AM,01/01/2017 12:00:00 AM,360,0.0,7.25,41.92276062,-87.69915534299999,41.901206994,-87.676355989
01/01/2017 12:00:00 AM,01/01/2017 12:15:00 AM,600,0.7,7.0,41.884987192,-87.620992913,41.892072635,-87.62887415700001
12/31/2016 12:00:00 AM,12/31/2016 12:15:00 AM,900,4.9,15.25,41.944226601,-87.655998182,41.975170943,-87.687515515
01/01/2017 12:00:00 AM,01/01/2017 12:30:00 AM,1560,1.9,12.75,41.892072635,-87.62887415700001,41.880994471,-87.632746489
01/01/2017 12:00:00 AM,01/01/2017 12:00:00 AM,240,1.3,6.25,41.880994471,-87.632746489,41.88528132,-87.65723320000001
01/01/2017 12:00:00 AM,01/01/2017 12:15:00 AM,960,0.1,11.5,41.899737388,-87.664953917,41.907520075,-87.62665890000001
12/31/2016 12:00:00 AM,12/31/2016 12:00:00 AM,180,0.5,4.5,41.947791586,-87.683834942,41.944226601,-87.655998182
01/01/2017 12:00:00 AM,01/01/2017 12:00:00 AM,300,0.9,5.75,41.922686284,-87.649488729,41.922686284,-87.649488729
12/31/2016 12:00:00 AM,12/31/2016 12:15:00 AM,540,1.5,7.5,41.892507781,-87.626214906,41.892658108,-87.652534484
12/31/2016 12:00:00 AM,12/31/2016 12:00:00 AM,480,7.4,7.0,41.90749193,-87.63576009,41.892072635,-87.62887415700001
12/31/2016 12:00:00 AM,12/31/2016 12:00:00 AM,300,0.7,5.5,41.899602111,-87.633308037,41.878865584,-87.625192142
01/01/2017 12:00:00 AM,01/01/2017 12:15:00 AM,867,4.11,14.25,41.899602111,-87.633308037,41.944226601,-87.655998182
01/01/2017 12:00:00 AM,01/01/2017 12:15:00 AM,1140,3.1,12.5,41.922686284,-87.649488729,41.899602111,-87.633308037
01/01/2017 12:00:00 AM,01/01/2017 12:15:00 AM,420,0.7,6.0,41.892042136,-87.63186395,41.89503345,-87.61971067200001
01/01/2017 12:00:00 AM,01/01/2017 12:30:00 AM,1200,0.2,13.75,41.900265687,-87.63210922,41.94258518,-87.65664409200001
01/01/2017 12:00:00 AM,01/01/2017 12:15:00 AM,240,1.0,5.75,41.92276062,-87.69915534299999,41.900069603,-87.720918238
12/31/2016 12:00:00 AM,12/31/2016 12:15:00 AM,1320,13.6,34.5,41.79259236,-87.76961545299999,41.794090253,-87.592310855
01/01/2017 12:00:00 AM,01/01/2017 12:00:00 AM,276,0.51,5.0,41.879255084,-87.642648998,41.885300021999996,-87.642808466
12/31/2016 12:00:00 AM,12/31/2016 12:15:00 AM,840,2.3,10.25,41.921854911,-87.64621097700001,41.89321636,-87.63784421
01/01/2017 12:00:00 AM,01/01/2017 12:30:00 AM,1680,0.0,14.25,41.892507781,-87.626214906,41.877406123,-87.62197165200001
01/01/2017 12:00:00 AM,01/01/2017 12:15:00 AM,600,0.0,9.0,41.90749193,-87.63576009,41.906025969,-87.67531162200001
12/31/2016 12:00:00 AM,12/31/2016 12:15:00 AM,300,0.0,6.0,41.87101588,-87.631406525,41.880994471,-87.632746489
12/31/2016 12:00:00 AM,12/31/2016 12:00:00 AM,600,1.1,7.25,41.898331794,-87.620762865,41.892042136,-87.63186395
01/01/2017 12:00:00 AM,01/01/2017 12:00:00 AM,120,0.1,4.0,41.89503345,-87.61971067200001,41.89503345,-87.61971067200001
01/01/2017 12:00:00 AM,01/01/2017 12:00:00 AM,60,0.1,3.5,41.902788048000005,-87.62614559,41.900221297,-87.629105186
12/31/2016 12:00:00 AM,12/31/2016 12:30:00 AM,1380,9.3,25.75,41.878865584,-87.625192142,42.001571027,-87.695012589
01/01/2017 12:00:00 AM,01/01/2017 12:00:00 AM,180,0.0,4.5,41.880994471,-87.632746489,41.884987192,-87.620992913
01/01/2017 12:00:00 AM,01/01/2017 12:15:00 AM,600,1.2,7.5,41.902788048000005,-87.62614559,41.892507781,-87.626214906
12/31/2016 12:00:00 AM,12/31/2016 12:00:00 AM,480,0.0,7.5,41.890922026,-87.618868355,41.89830587,-87.65361398200001
12/31/2016 12:00:00 AM,12/31/2016 12:00:00 AM,360,0.9,6.25,41.884987192,-87.620992913,41.892072635,-87.62887415700001
01/01/2017 12:00:00 AM,01/01/2017 01:00:00 AM,3540,0.7,39.0,41.986711799999995,-87.663416405,41.900069603,-87.720918238
12/31/2016 12:00:00 AM,12/31/2016 12:15:00 AM,600,1.6,7.75,41.90749193,-87.63576009,41.929046936999995,-87.65131087700001
01/01/2017 12:00:00 AM,01/01/2017 12:15:00 AM,180,0.5,4.75,41.922686284,-87.649488729,41.922686284,-87.649488729
12/31/2016 12:00:00 AM,12/31/2016 12:00:00 AM,540,0.0,6.5,41.892042136,-87.63186395,41.890922026,-87.618868355
01/01/2017 12:00:00 AM,01/01/2017 12:15:00 AM,488,2.04,8.75,41.944226601,-87.655998182,41.92276062,-87.69915534299999
12/31/2016 12:00:00 AM,12/31/2016 12:00:00 AM,180,0.0,4.75,41.880994471,-87.632746489,41.89321636,-87.63784421
01/01/2017 12:00:00 AM,01/01/2017 12:00:00 AM,0,0.0,3.25,42.001571027,-87.695012589,42.001571027,-87.695012589
01/01/2017 12:00:00 AM,01/01/2017 12:15:00 AM,900,0.1,9.75,41.892507781,-87.626214906,41.87101588,-87.631406525
12/31/2016 12:00:00 AM,12/31/2016 12:00:00 AM,660,3.8,12.5,41.96581197,-87.655878786,41.953582125,-87.72345239
01/01/2017 12:00:00 AM,01/01/2017 12:15:00 AM,1140,3.3,13.25,41.902788048000005,-87.62614559,41.859349715,-87.617358006
12/31/2016 12:00:00 AM,12/31/2016 12:00:00 AM,240,0.0,5.25,41.898331794,-87.620762865,41.892042136,-87.63186395
12/31/2016 12:00:00 AM,12/31/2016 12:00:00 AM,0,0.0,3.25,41.946294535999996,-87.65429808399999,41.928967266,-87.656156831
01/01/2017 12:00:00 AM,01/01/2017 12:00:00 AM,180,0.6,4.5,41.914616286,-87.631717366,41.907412816,-87.640901525
01/01/2017 12:00:00 AM,01/01/2017 12:15:00 AM,420,1.9,7.5,41.944226601,-87.655998182,41.96581197,-87.655878786
01/01/2017 12:00:00 AM,01/01/2017 12:15:00 AM,300,0.0,5.75,41.922686284,-87.649488729,41.899602111,-87.633308037
12/31/2016 12:00:00 AM,12/31/2016 12:00:00 AM,540,1.7,8.0,41.892507781,-87.626214906,41.909495669,-87.630963601
12/31/2016 12:00:00 AM,12/31/2016 12:00:00 AM,180,0.5,4.75,41.892042136,-87.63186395,41.885300021999996,-87.642808466
01/01/2017 12:00:00 AM,01/01/2017 12:00:00 AM,600,0.7,7.0,41.880994471,-87.632746489,41.884987192,-87.620992913
01/01/2017 12:00:00 AM,01/01/2017 12:15:00 AM,600,0.0,7.5,41.902788048000005,-87.62614559,41.890922026,-87.618868355
12/31/2016 12:00:00 AM,12/31/2016 12:00:00 AM,600,4.3,13.25,41.922686284,-87.649488729,41.878865584,-87.625192142
12/31/2016 12:00:00 AM,12/31/2016 12:15:00 AM,300,0.0,6.25,41.884987192,-87.620992913,41.89321636,-87.63784421
12/31/2016 12:00:00 AM,12/31/2016 12:15:00 AM,480,1.9,8.25,41.944226601,-87.655998182,41.922686284,-87.649488729
01/01/2017 12:00:00 AM,01/01/2017 12:30:00 AM,1620,0.9,12.25,41.880994471,-87.632746489,41.892507781,-87.626214906
12/31/2016 12:00:00 AM,12/31/2016 12:15:00 AM,420,1.4,6.75,41.944226601,-87.655998182,41.947791586,-87.683834942
01/01/2017 12:00:00 AM,01/01/2017 12:15:00 AM,540,1.7,8.0,41.922686284,-87.649488729,41.899602111,-87.633308037
12/31/2016 12:00:00 AM,12/31/2016 12:15:00 AM,420,1.0,6.5,41.900221297,-87.629105186,41.892042136,-87.63186395
12/31/2016 12:00:00 AM,12/31/2016 12:00:00 AM,180,0.6,4.75,41.899602111,-87.633308037,41.899602111,-87.633308037
01/01/2017 12:00:00 AM,01/01/2017 12:15:00 AM,1260,2.8,13.0,41.901206994,-87.676355989,41.901206994,-87.676355989
12/31/2016 12:00:00 AM,12/31/2016 12:00:00 AM,180,1.1,5.75,41.947791586,-87.683834942,41.96581197,-87.655878786
01/01/2017 12:00:00 AM,01/01/2017 12:00:00 AM,0,0.0,3.25,41.892507781,-87.626214906,41.892507781,-87.626214906
12/31/2016 12:00:00 AM,12/31/2016 12:15:00 AM,1320,9.8,26.75,41.899602111,-87.633308037,42.009622881,-87.67016685700001
12/31/2016 12:00:00 AM,12/31/2016 12:00:00 AM,600,1.61,8.5,41.892507781,-87.626214906,41.87101588,-87.631406525
01/01/2017 12:00:00 AM,01/01/2017 12:15:00 AM,720,3.8,12.5,41.980264315,-87.913624596,41.92276062,-87.69915534299999
01/01/2017 12:00:00 AM,01/01/2017 12:15:00 AM,360,0.0,7.25,41.88528132,-87.65723320000001,41.880994471,-87.632746489
01/01/2017 12:00:00 AM,01/01/2017 12:15:00 AM,900,2.9,11.75,41.88528132,-87.65723320000001,41.90749193,-87.63576009
01/01/2017 12:00:00 AM,01/01/2017 12:00:00 AM,0,0.0,3.25,41.898331794,-87.620762865,41.898331794,-87.620762865
01/01/2017 12:00:00 AM,01/01/2017 12:00:00 AM,300,0.7,5.5,41.892042136,-87.63186395,41.892507781,-87.626214906
12/31/2016 12:00:00 AM,12/31/2016 12:15:00 AM,540,3.5,11.75,41.874005383000004,-87.66351755,41.901206994,-87.676355989
12/31/2016 12:00:00 AM,12/31/2016 12:15:00 AM,720,2.2,9.75,41.879255084,-87.642648998,41.898331794,-87.620762865
12/31/2016 12:00:00 AM,12/31/2016 12:00:00 AM,540,2.6,9.5,41.899602111,-87.633308037,41.922686284,-87.649488729
12/31/2016 12:00:00 AM,12/31/2016 12:15:00 AM,480,1.9,8.0,41.885300021999996,-87.642808466,41.892658108,-87.652534484
12/31/2016 12:00:00 AM,12/31/2016 12:00:00 AM,180,0.6,4.75,41.936237179,-87.656411531,41.928967266,-87.656156831
12/31/2016 12:00:00 AM,12/31/2016 12:30:00 AM,1560,14.9,38.25,41.96581197,-87.655878786,41.77887686,-87.594925439
12/31/2016 12:00:00 AM,12/31/2016 12:30:00 AM,1380,3.3,14.25,41.90749193,-87.63576009,41.934762456,-87.639853859
01/01/2017 12:00:00 AM,01/01/2017 12:00:00 AM,480,0.1,9.0,41.880994471,-87.632746489,41.902788048000005,-87.62614559
01/01/2017 12:00:00 AM,01/01/2017 12:00:00 AM,540,1.1,7.0,41.92276062,-87.69915534299999,41.901206994,-87.676355989
12/31/2016 12:00:00 AM,12/31/2016 12:00:00 AM,540,0.1,8.5,41.88528132,-87.65723320000001,41.89321636,-87.63784421
01/01/2017 12:00:00 AM,01/01/2017 12:15:00 AM,300,0.8,5.75,41.914616286,-87.631717366,41.900221297,-87.629105186
12/31/2016 12:00:00 AM,12/31/2016 12:00:00 AM,60,0.0,50.0,41.944226601,-87.655998182,41.944226601,-87.655998182
01/01/2017 12:00:00 AM,01/01/2017 12:15:00 AM,960,3.0,12.25,41.901206994,-87.676355989,41.92276062,-87.69915534299999
12/31/2016 12:00:00 AM,12/31/2016 12:15:00 AM,720,0.1,11.0,41.92276062,-87.69915534299999,41.924347077,-87.734739754
01/01/2017 12:00:00 AM,01/01/2017 12:30:00 AM,1380,0.0,18.75,41.922686284,-87.649488729,42.009622881,-87.67016685700001
01/01/2017 12:00:00 AM,01/01/2017 12:15:00 AM,120,0.0,5.0,41.968069,-87.72155906299999,41.953582125,-87.72345239
12/31/2016 12:00:00 AM,12/31/2016 12:00:00 AM,300,1.4,6.75,41.898331794,-87.620762865,41.884987192,-87.620992913
01/01/2017 12:00:00 AM,01/01/2017 12:15:00 AM,840,0.0,8.25,41.880994471,-87.632746489,41.880994471,-87.632746489
01/01/2017 12:00:00 AM,01/01/2017 12:15:00 AM,240,0.0,5.5,41.857183858,-87.620334624,41.857183858,-87.620334624
01/01/2017 12:00:00 AM,01/01/2017 12:15:00 AM,1140,11.1,28.5,41.980264315,-87.913624596,41.975170943,-87.687515515
01/01/2017 12:00:00 AM,01/01/2017 12:00:00 AM,600,2.2,9.25,41.892042136,-87.63186395,41.89830587,-87.65361398200001
12/31/2016 12:00:00 AM,12/31/2016 12:15:00 AM,180,0.7,5.0,41.808916283,-87.596183344,41.812948939,-87.61785967600001
01/01/2017 12:00:00 AM,01/01/2017 12:00:00 AM,660,0.2,14.5,41.874005383000004,-87.66351755,41.92276062,-87.69915534299999
12/31/2016 12:00:00 AM,12/31/2016 12:15:00 AM,600,2.9,10.5,41.885300021999996,-87.642808466,41.914616286,-87.631717366
01/01/2017 12:00:00 AM,01/01/2017 12:15:00 AM,600,0.0,9.5,41.922686284,-87.649488729,41.901206994,-87.676355989
01/01/2017 12:00:00 AM,01/01/2017 12:15:00 AM,1320,4.2,15.5,41.899602111,-87.633308037,41.944226601,-87.655998182
12/31/2016 12:00:00 AM,12/31/2016 12:00:00 AM,600,3.7,12.25,41.899602111,-87.633308037,41.901206994,-87.676355989
12/31/2016 12:00:00 AM,12/31/2016 12:00:00 AM,180,0.8,5.25,41.92276062,-87.69915534299999,41.92276062,-87.69915534299999
01/01/2017 12:00:00 AM,01/01/2017 12:00:00 AM,480,1.3,7.0,41.892507781,-87.626214906,41.899155613000005,-87.626210532
12/31/2016 12:00:00 AM,12/31/2016 12:15:00 AM,600,3.0,10.75,41.899602111,-87.633308037,41.901206994,-87.676355989
12/31/2016 12:00:00 AM,12/31/2016 12:00:00 AM,480,1.2,7.25,41.878865584,-87.625192142,41.899602111,-87.633308037
12/31/2016 12:00:00 AM,12/31/2016 12:15:00 AM,840,1.9,9.75,41.880994471,-87.632746489,41.907520075,-87.62665890000001
12/31/2016 12:00:00 AM,12/31/2016 12:15:00 AM,840,4.5,14.25,41.947791586,-87.683834942,42.009622881,-87.67016685700001
01/01/2017 12:00:00 AM,01/01/2017 12:15:00 AM,480,4.0,12.75,41.89321636,-87.63784421,41.870607371999995,-87.622172937
12/31/2016 12:00:00 AM,12/31/2016 12:15:00 AM,600,1.56,7.75,41.89321636,-87.63784421,41.90749193,-87.63576009
01/01/2017 12:00:00 AM,01/01/2017 12:15:00 AM,1080,0.2,15.0,41.944226601,-87.655998182,41.901206994,-87.676355989
01/01/2017 12:00:00 AM,01/01/2017 12:15:00 AM,1140,1.6,10.5,41.88528132,-87.65723320000001,41.892507781,-87.626214906
12/31/2016 12:00:00 AM,12/31/2016 12:00:00 AM,300,1.1,6.25,41.880994471,-87.632746489,41.890922026,-87.618868355
01/01/2017 12:00:00 AM,01/01/2017 12:00:00 AM,180,0.4,4.5,41.870607371999995,-87.622172937,41.87101588,-87.631406525
12/31/2016 12:00:00 AM,12/31/2016 12:00:00 AM,180,0.6,4.75,41.892072635,-87.62887415700001,41.890922026,-87.618868355
12/31/2016 12:00:00 AM,12/31/2016 12:15:00 AM,600,5.9,17.0,41.96581197,-87.655878786,41.899602111,-87.633308037
12/31/2016 12:00:00 AM,12/31/2016 12:15:00 AM,744,3.28,11.5,41.934539715999996,-87.643022804,41.957735565,-87.68371810200001
01/01/2017 12:00:00 AM,01/01/2017 12:00:00 AM,180,0.7,5.25,41.978829526,-87.77116670299999,41.954027649000004,-87.76339903200001
12/31/2016 12:00:00 AM,12/31/2016 12:15:00 AM,420,0.0,7.0,41.892072635,-87.62887415700001,41.898331794,-87.620762865
01/01/2017 12:00:00 AM,01/01/2017 12:15:00 AM,1080,0.3,16.25,41.899602111,-87.633308037,41.944226601,-87.655998182
01/01/2017 12:00:00 AM,01/01/2017 12:15:00 AM,240,0.0,5.0,41.89321636,-87.63784421,41.89830587,-87.65361398200001
01/01/2017 12:00:00 AM,01/01/2017 12:15:00 AM,180,0.7,5.25,41.92276062,-87.69915534299999,41.901206994,-87.676355989
12/31/2016 12:00:00 AM,12/31/2016 12:00:00 AM,360,0.9,6.0,41.892072635,-87.62887415700001,41.89830587,-87.65361398200001
01/01/2017 12:00:00 AM,01/01/2017 12:15:00 AM,540,2.7,9.75,41.898331794,-87.620762865,41.92926299,-87.63589095399999
01/01/2017 12:00:00 AM,01/01/2017 12:15:00 AM,180,0.8,5.25,41.89321636,-87.63784421,41.885300021999996,-87.642808466
12/31/2016 12:00:00 AM,12/31/2016 12:15:00 AM,240,0.8,5.25,41.880994471,-87.632746489,41.880994471,-87.632746489
12/31/2016 12:00:00 AM,12/31/2016 12:00:00 AM,240,0.9,5.5,41.890922026,-87.618868355,41.892072635,-87.62887415700001
12/31/2016 12:00:00 AM,12/31/2016 12:00:00 AM,360,1.6,7.25,41.944226601,-87.655998182,41.975170943,-87.687515515
12/31/2016 12:00:00 AM,12/31/2016 12:15:00 AM,420,1.2,6.75,41.892507781,-87.626214906,41.89503345,-87.61971067200001
01/01/2017 12:00:00 AM,01/01/2017 12:15:00 AM,420,0.7,6.5,41.890922026,-87.618868355,41.89321636,-87.63784421
12/31/2016 12:00:00 AM,12/31/2016 12:00:00 AM,360,1.9,8.0,41.87866742,-87.671653621,41.879255084,-87.642648998
01/01/2017 12:00:00 AM,01/01/2017 12:15:00 AM,480,0.0,6.0,41.892507781,-87.626214906,41.892507781,-87.626214906
01/01/2017 12:00:00 AM,01/01/2017 12:15:00 AM,600,1.2,8.0,41.892042136,-87.63186395,41.900221297,-87.629105186
12/31/2016 12:00:00 AM,12/31/2016 12:15:00 AM,960,0.3,16.0,41.89321636,-87.63784421,41.949829346,-87.64396537
01/01/2017 12:00:00 AM,01/01/2017 12:15:00 AM,960,5.5,16.75,41.878865584,-87.625192142,41.944226601,-87.655998182
01/01/2017 12:00:00 AM,01/01/2017 01:15:00 AM,4080,12.5,43.0,41.874005383000004,-87.66351755,41.901206994,-87.676355989
01/01/2017 12:00:00 AM,01/01/2017 12:15:00 AM,420,0.0,5.75,41.892042136,-87.63186395,41.892072635,-87.62887415700001
01/01/2017 12:00:00 AM,01/01/2017 12:15:00 AM,540,2.7,9.75,41.938666196,-87.71121059299999,41.924347077,-87.734739754
12/31/2016 12:00:00 AM,12/31/2016 12:15:00 AM,480,1.2,7.0,41.892042136,-87.63186395,41.898331794,-87.620762865
12/31/2016 12:00:00 AM,12/31/2016 12:15:00 AM,600,2.2,9.25,41.944226601,-87.655998182,41.96581197,-87.655878786
12/31/2016 12:00:00 AM,12/31/2016 12:15:00 AM,240,1.0,5.75,41.944226601,-87.655998182,41.944226601,-87.655998182
01/01/2017 12:00:00 AM,01/01/2017 12:45:00 AM,2700,5.2,24.5,41.880994471,-87.632746489,41.891971508000005,-87.612945414
12/31/2016 12:00:00 AM,12/31/2016 12:15:00 AM,900,5.1,16.25,41.942691844,-87.65177050700001,42.001698194,-87.673574032
01/01/2017 12:00:00 AM,01/01/2017 12:15:00 AM,1260,5.9,18.25,41.96581197,-87.655878786,41.92276062,-87.69915534299999
01/01/2017 12:00:00 AM,01/01/2017 12:15:00 AM,300,0.0,5.75,41.900221297,-87.629105186,41.892507781,-87.626214906
12/31/2016 12:00:00 AM,12/31/2016 12:15:00 AM,1140,8.2,3.25,41.878865584,-87.625192142,41.96581197,-87.655878786
01/01/2017 12:00:00 AM,01/01/2017 12:00:00 AM,300,0.0,7.0,41.901206994,-87.676355989,41.901206994,-87.676355989
12/31/2016 12:00:00 AM,12/31/2016 12:15:00 AM,240,0.0,5.25,41.944226601,-87.655998182,41.944226601,-87.655998182
01/01/2017 12:00:00 AM,01/01/2017 12:00:00 AM,180,0.5,4.75,41.900265687,-87.63210922,41.892507781,-87.626214906
12/31/2016 12:00:00 AM,12/31/2016 12:00:00 AM,420,0.0,7.25,41.89321636,-87.63784421,41.907520075,-87.62665890000001
01/01/2017 12:00:00 AM,01/01/2017 12:00:00 AM,180,0.0,4.25,41.901206994,-87.676355989,41.901206994,-87.676355989
01/01/2017 12:00:00 AM,01/01/2017 12:15:00 AM,960,4.3,15.0,41.892042136,-87.63186395,41.928763006,-87.665676837
01/01/2017 12:00:00 AM,01/01/2017 12:15:00 AM,1200,0.1,11.25,41.877406123,-87.62197165200001,41.892507781,-87.626214906
12/31/2016 12:00:00 AM,12/31/2016 12:15:00 AM,420,0.9,6.0,41.90749193,-87.63576009,41.907520075,-87.62665890000001
01/01/2017 12:00:00 AM,01/01/2017 12:15:00 AM,840,1.2,8.75,41.880994471,-87.632746489,41.884987192,-87.620992913
01/01/2017 12:00:00 AM,01/01/2017 12:15:00 AM,240,1.4,5.5,41.880994471,-87.632746489,41.885300021999996,-87.642808466
12/31/2016 12:00:00 AM,12/31/2016 12:15:00 AM,1140,0.3,16.0,41.901206994,-87.676355989,41.944226601,-87.655998182
01/01/2017 12:00:00 AM,01/01/2017 12:30:00 AM,2100,0.5,28.75,41.874005383000004,-87.66351755,41.975170943,-87.687515515
01/01/2017 12:00:00 AM,01/01/2017 12:00:00 AM,240,0.1,4.75,41.892507781,-87.626214906,41.892507781,-87.626214906
12/31/2016 12:00:00 AM,12/31/2016 12:15:00 AM,480,0.1,8.5,41.900265687,-87.63210922,41.93057857,-87.64220631299999
12/31/2016 12:00:00 AM,12/31/2016 12:15:00 AM,660,2.5,9.5,41.89830587,-87.65361398200001,41.90749193,-87.63576009
01/01/2017 12:00:00 AM,01/01/2017 12:00:00 AM,660,0.0,8.0,41.922686284,-87.649488729,41.944226601,-87.655998182
01/01/2017 12:00:00 AM,01/01/2017 12:15:00 AM,300,1.1,6.0,41.892042136,-87.63186395,41.877406123,-87.62197165200001
01/01/2017 12:00:00 AM,01/01/2017 12:00:00 AM,120,0.0,4.0,41.880994471,-87.632746489,41.880994471,-87.632746489
01/01/2017 12:00:00 AM,01/01/2017 12:15:00 AM,240,1.1,6.0,41.857183858,-87.620334624,41.835117986,-87.61867776700001
01/01/2017 12:00:00 AM,01/01/2017 12:15:00 AM,780,5.9,17.25,41.874005383000004,-87.66351755,41.92276062,-87.69915534299999
01/01/2017 12:00:00 AM,01/01/2017 12:15:00 AM,1020,4.6,15.5,41.880994471,-87.632746489,41.92926299,-87.63589095399999
01/01/2017 12:00:00 AM,01/01/2017 12:15:00 AM,780,0.1,9.5,41.899737388,-87.664953917,41.892042136,-87.63186395
12/31/2016 12:00:00 AM,12/31/2016 12:15:00 AM,420,0.0,7.0,41.874005383000004,-87.66351755,41.874005383000004,-87.66351755
01/01/2017 12:00:00 AM,01/01/2017 12:00:00 AM,120,0.8,5.0,41.892042136,-87.63186395,41.877406123,-87.62197165200001
12/31/2016 12:00:00 AM,12/31/2016 12:15:00 AM,660,2.7,10.25,41.87866742,-87.671653621,41.884987192,-87.620992913
01/01/2017 12:00:00 AM,01/01/2017 12:30:00 AM,1980,12.4,34.25,41.857183858,-87.620334624,42.009622881,-87.67016685700001
12/31/2016 12:00:00 AM,12/31/2016 12:15:00 AM,900,3.2,13.25,41.874005383000004,-87.66351755,41.878865584,-87.625192142
01/01/2017 12:00:00 AM,01/01/2017 12:15:00 AM,960,0.1,9.75,41.892042136,-87.63186395,41.870607371999995,-87.622172937
12/31/2016 12:00:00 AM,12/31/2016 12:15:00 AM,300,0.0,6.25,41.944226601,-87.655998182,41.944226601,-87.655998182
01/01/2017 12:00:00 AM,01/01/2017 12:00:00 AM,360,0.7,5.5,41.892507781,-87.626214906,41.89503345,-87.61971067200001
01/01/2017 12:00:00 AM,01/01/2017 12:15:00 AM,840,0.9,8.5,41.884987192,-87.620992913,41.880994471,-87.632746489
12/31/2016 12:00:00 AM,12/31/2016 12:15:00 AM,600,1.5,7.75,41.879255084,-87.642648998,41.870607371999995,-87.622172937
12/31/2016 12:00:00 AM,12/31/2016 12:15:00 AM,600,2.7,10.0,41.922686284,-87.649488729,41.947791586,-87.683834942
01/01/2017 12:00:00 AM,01/01/2017 12:15:00 AM,840,0.3,15.0,41.922082541,-87.63415609299999,41.87101588,-87.631406525
12/31/2016 12:00:00 AM,12/31/2016 12:15:00 AM,448,1.08,6.5,41.944226601,-87.655998182,41.944226601,-87.655998182
01/01/2017 12:00:00 AM,01/01/2017 12:15:00 AM,933,2.94,11.5,41.899602111,-87.633308037,41.922686284,-87.649488729
12/31/2016 12:00:00 AM,12/31/2016 12:00:00 AM,420,2.2,8.5,41.906025969,-87.67531162200001,41.879066994,-87.65700502700001
12/31/2016 12:00:00 AM,12/31/2016 12:15:00 AM,360,1.27,6.5,41.901206994,-87.676355989,41.92276062,-87.69915534299999
01/01/2017 12:00:00 AM,01/01/2017 12:15:00 AM,540,0.0,8.25,41.884987192,-87.620992913,41.905857769,-87.63086502700001
01/01/2017 12:00:00 AM,01/01/2017 12:15:00 AM,960,0.3,17.0,41.878865584,-87.625192142,41.92276062,-87.69915534299999
01/01/2017 12:00:00 AM,01/01/2017 12:15:00 AM,480,0.0,17.25,41.899602111,-87.633308037,41.986711799999995,-87.663416405
12/31/2016 12:00:00 AM,12/31/2016 12:15:00 AM,1260,0.9,38.0,41.980264315,-87.913624596,41.901206994,-87.676355989
01/01/2017 12:00:00 AM,01/01/2017 12:15:00 AM,660,1.42,8.25,41.90749193,-87.63576009,41.898331794,-87.620762865
01/01/2017 12:00:00 AM,01/01/2017 12:15:00 AM,1020,5.4,17.25,41.877406123,-87.62197165200001,41.928763006,-87.665676837
01/01/2017 12:00:00 AM,01/01/2017 12:15:00 AM,960,0.2,13.0,41.899602111,-87.633308037,41.944226601,-87.655998182
12/31/2016 12:00:00 AM,12/31/2016 12:00:00 AM,360,1.1,6.5,41.892042136,-87.63186395,41.885300021999996,-87.642808466
01/01/2017 12:00:00 AM,01/01/2017 12:00:00 AM,120,0.0,4.0,41.892042136,-87.63186395,41.892042136,-87.63186395
01/01/2017 12:00:00 AM,01/01/2017 12:00:00 AM,540,1.0,6.75,41.902788048000005,-87.62614559,41.890922026,-87.618868355
01/01/2017 12:00:00 AM,01/01/2017 12:15:00 AM,420,0.93,6.5,41.899155613000005,-87.626210532,41.90749193,-87.63576009
01/01/2017 12:00:00 AM,01/01/2017 12:15:00 AM,420,0.7,6.0,41.89321636,-87.63784421,41.892072635,-87.62887415700001
01/01/2017 12:00:00 AM,01/01/2017 12:00:00 AM,120,0.8,5.0,41.884987192,-87.620992913,41.884987192,-87.620992913
12/31/2016 12:00:00 AM,12/31/2016 12:15:00 AM,780,2.7,11.0,41.892072635,-87.62887415700001,41.921854911,-87.64621097700001
01/01/2017 12:00:00 AM,01/01/2017 12:15:00 AM,840,0.6,8.0,41.892507781,-87.626214906,41.884987192,-87.620992913
01/01/2017 12:00:00 AM,01/01/2017 12:15:00 AM,300,1.7,7.0,41.92276062,-87.69915534299999,41.901206994,-87.676355989
01/01/2017 12:00:00 AM,01/01/2017 12:30:00 AM,1440,4.6,17.0,41.878865584,-87.625192142,41.944226601,-87.655998182
12/31/2016 12:00:00 AM,12/31/2016 12:15:00 AM,600,0.0,11.0,41.899602111,-87.633308037,41.922686284,-87.649488729
12/31/2016 12:00:00 AM,12/31/2016 12:15:00 AM,900,0.0,20.0,41.899602111,-87.633308037,41.953582125,-87.72345239
01/01/2017 12:00:00 AM,01/01/2017 12:00:00 AM,180,0.0,4.75,41.944226601,-87.655998182,41.944226601,-87.655998182
12/31/2016 12:00:00 AM,12/31/2016 12:15:00 AM,1560,0.6,26.5,41.986711799999995,-87.663416405,41.901206994,-87.676355989
01/01/2017 12:00:00 AM,01/01/2017 12:15:00 AM,540,1.6,7.5,41.922686284,-87.649488729,41.922686284,-87.649488729
01/01/2017 12:00:00 AM,01/01/2017 12:15:00 AM,600,1.5,8.0,41.880994471,-87.632746489,41.88528132,-87.65723320000001
01/01/2017 12:00:00 AM,01/01/2017 12:30:00 AM,2100,0.0,18.25,41.901206994,-87.676355989,41.938666196,-87.71121059299999
12/31/2016 12:00:00 AM,12/31/2016 12:00:00 AM,420,2.4,9.25,41.87101588,-87.631406525,41.879066994,-87.65700502700001
12/31/2016 12:00:00 AM,12/31/2016 12:00:00 AM,600,2.3,9.0,41.92926299,-87.63589095399999,41.90749193,-87.63576009
01/01/2017 12:00:00 AM,01/01/2017 12:15:00 AM,480,0.0,8.75,41.96581197,-87.655878786,41.944226601,-87.655998182
12/31/2016 12:00:00 AM,12/31/2016 12:00:00 AM,480,1.0,6.75,41.898331794,-87.620762865,41.891971508000005,-87.612945414
12/31/2016 12:00:00 AM,12/31/2016 12:00:00 AM,600,0.0,7.0,41.900221297,-87.629105186,41.892507781,-87.626214906
12/31/2016 12:00:00 AM,12/31/2016 12:00:00 AM,540,0.0,7.25,41.884987192,-87.620992913,41.892042136,-87.63186395
01/01/2017 12:00:00 AM,01/01/2017 12:00:00 AM,660,0.5,7.0,41.892507781,-87.626214906,41.890922026,-87.618868355
12/31/2016 12:00:00 AM,12/31/2016 12:30:00 AM,2100,8.0,26.25,41.924347077,-87.734739754,41.874005383000004,-87.66351755
12/31/2016 12:00:00 AM,12/31/2016 12:00:00 AM,420,1.82,8.0,41.892042136,-87.63186395,41.904935302,-87.64990722600001
01/01/2017 12:00:00 AM,01/01/2017 12:00:00 AM,180,0.0,4.25,41.892042136,-87.63186395,41.89321636,-87.63784421
01/01/2017 12:00:00 AM,01/01/2017 12:30:00 AM,1560,0.9,12.0,41.880994471,-87.632746489,41.890922026,-87.618868355
12/31/2016 12:00:00 AM,12/31/2016 12:00:00 AM,480,3.1,10.5,41.874005383000004,-87.66351755,41.901206994,-87.676355989
01/01/2017 12:00:00 AM,01/01/2017 12:15:00 AM,660,3.4,11.5,42.009622881,-87.67016685700001,41.986711799999995,-87.663416405
01/01/2017 12:00:00 AM,01/01/2017 12:15:00 AM,240,1.1,6.0,41.884987192,-87.620992913,41.870607371999995,-87.622172937
01/01/2017 12:00:00 AM,01/01/2017 12:15:00 AM,540,1.7,7.75,41.944226601,-87.655998182,41.96581197,-87.655878786
01/01/2017 12:00:00 AM,01/01/2017 12:15:00 AM,360,2.1,8.0,41.88528132,-87.65723320000001,41.906025969,-87.67531162200001
01/01/2017 12:00:00 AM,01/01/2017 12:00:00 AM,180,1.4,6.5,41.850266366,-87.66756931200001,41.842076117,-87.63397342200001
12/31/2016 12:00:00 AM,12/31/2016 12:15:00 AM,720,3.1,11.25,41.921854911,-87.64621097700001,41.890922026,-87.618868355
12/31/2016 12:00:00 AM,12/31/2016 12:15:00 AM,600,3.0,10.75,41.899602111,-87.633308037,41.947791586,-87.683834942
12/31/2016 12:00:00 AM,12/31/2016 12:00:00 AM,780,0.2,13.75,41.96581197,-87.655878786,41.922686284,-87.649488729
12/31/2016 12:00:00 AM,12/31/2016 12:15:00 AM,660,2.9,11.0,41.899602111,-87.633308037,41.922686284,-87.649488729
12/31/2016 12:00:00 AM,12/31/2016 12:15:00 AM,660,1.7,8.75,41.892042136,-87.63186395,41.870607371999995,-87.622172937
12/31/2016 12:00:00 AM,12/31/2016 12:15:00 AM,540,0.2,12.25,41.878865584,-87.625192142,41.901206994,-87.676355989
01/01/2017 12:00:00 AM,01/01/2017 12:00:00 AM,540,2.6,10.25,41.899602111,-87.633308037,41.901206994,-87.676355989
12/31/2016 12:00:00 AM,12/31/2016 12:15:00 AM,1200,8.8,24.25,41.972709547,-87.65734110700001,41.879066994,-87.65700502700001
12/31/2016 12:00:00 AM,12/31/2016 12:00:00 AM,540,2.2,8.75,41.92926299,-87.63589095399999,41.909495669,-87.630963601
01/01/2017 12:00:00 AM,01/01/2017 12:30:00 AM,1200,1.6,11.5,41.892072635,-87.62887415700001,41.892658108,-87.652534484
01/01/2017 12:00:00 AM,01/01/2017 12:00:00 AM,420,1.0,6.75,41.878865584,-87.625192142,41.878865584,-87.625192142
01/01/2017 12:00:00 AM,01/01/2017 01:00:00 AM,3660,0.2,27.0,41.884987192,-87.620992913,41.892072635,-87.62887415700001
12/31/2016 12:00:00 AM,12/31/2016 12:15:00 AM,480,3.0,10.25,41.899602111,-87.633308037,41.944226601,-87.655998182
12/31/2016 12:00:00 AM,12/31/2016 12:15:00 AM,840,3.0,11.25,41.899602111,-87.633308037,41.944226601,-87.655998182
12/31/2016 12:00:00 AM,12/31/2016 12:00:00 AM,180,0.7,5.0,41.934539715999996,-87.643022804,41.928967266,-87.656156831
01/01/2017 12:00:00 AM,01/01/2017 12:15:00 AM,600,2.2,9.25,41.885300021999996,-87.642808466,41.906025969,-87.67531162200001
12/31/2016 12:00:00 AM,12/31/2016 12:15:00 AM,960,0.0,15.75,41.892072635,-87.62887415700001,41.929046936999995,-87.65131087700001
12/31/2016 12:00:00 AM,12/31/2016 12:00:00 AM,240,1.1,6.0,41.890922026,-87.618868355,41.884987192,-87.620992913
01/01/2017 12:00:00 AM,01/01/2017 12:15:00 AM,720,2.6,10.0,41.900221297,-87.629105186,41.908378669,-87.670945075
12/31/2016 12:00:00 AM,12/31/2016 12:15:00 AM,420,1.1,6.5,41.892507781,-87.626214906,41.89830587,-87.65361398200001
12/31/2016 12:00:00 AM,12/31/2016 12:00:00 AM,300,0.8,5.75,41.89321636,-87.63784421,41.885300021999996,-87.642808466
01/01/2017 12:00:00 AM,01/01/2017 12:15:00 AM,240,1.0,6.0,41.808916283,-87.596183344,41.808916283,-87.596183344
01/01/2017 12:00:00 AM,01/01/2017 12:30:00 AM,1080,3.3,13.25,41.986711799999995,-87.663416405,42.001571027,-87.695012589
01/01/2017 12:00:00 AM,01/01/2017 12:00:00 AM,180,0.7,5.0,41.88528132,-87.65723320000001,41.879255084,-87.642648998
01/01/2017 12:00:00 AM,01/01/2017 12:15:00 AM,300,0.7,5.75,41.89503345,-87.61971067200001,41.892042136,-87.63186395
01/01/2017 12:00:00 AM,01/01/2017 12:00:00 AM,720,1.0,8.0,41.880994471,-87.632746489,41.891971508000005,-87.612945414
12/31/2016 12:00:00 AM,12/31/2016 12:00:00 AM,540,2.8,10.0,41.986711799999995,-87.663416405,41.944226601,-87.655998182
01/01/2017 12:00:00 AM,01/01/2017 12:00:00 AM,180,0.0,4.5,41.880994471,-87.632746489,41.880994471,-87.632746489
12/31/2016 12:00:00 AM,12/31/2016 12:00:00 AM,480,3.9,12.0,41.942691844,-87.65177050700001,41.899155613000005,-87.626210532
01/01/2017 12:00:00 AM,01/01/2017 12:15:00 AM,1140,6.2,18.0,41.975170943,-87.687515515,41.901206994,-87.676355989
12/31/2016 12:00:00 AM,12/31/2016 12:15:00 AM,300,1.02,6.25,41.892042136,-87.63186395,41.885300021999996,-87.642808466
01/01/2017 12:00:00 AM,01/01/2017 12:15:00 AM,660,1.4,8.0,41.890922026,-87.618868355,41.880994471,-87.632746489
01/01/2017 12:00:00 AM,01/01/2017 12:15:00 AM,540,0.0,6.25,41.902788048000005,-87.62614559,41.90749193,-87.63576009
01/01/2017 12:00:00 AM,01/01/2017 12:15:00 AM,780,4.9,15.0,41.89321636,-87.63784421,41.936086535,-87.666110694
01/01/2017 12:00:00 AM,01/01/2017 12:00:00 AM,0,0.0,3.25,41.859349715,-87.617358006,41.859349715,-87.617358006
01/01/2017 12:00:00 AM,01/01/2017 12:00:00 AM,360,0.4,5.25,41.892072635,-87.62887415700001,41.884987192,-87.620992913
12/31/2016 12:00:00 AM,12/31/2016 12:00:00 AM,360,0.8,5.5,41.936237179,-87.656411531,41.929046936999995,-87.65131087700001
01/01/2017 12:00:00 AM,01/01/2017 12:15:00 AM,480,0.3,6.0,41.892072635,-87.62887415700001,41.884987192,-87.620992913
01/01/2017 12:00:00 AM,01/01/2017 12:15:00 AM,780,1.5,8.5,41.892042136,-87.63186395,41.907520075,-87.62665890000001
01/01/2017 12:00:00 AM,01/01/2017 12:15:00 AM,720,0.0,12.25,41.914616286,-87.631717366,41.877406123,-87.62197165200001
12/31/2016 12:00:00 AM,12/31/2016 12:15:00 AM,660,0.2,12.5,41.901206994,-87.676355989,41.901206994,-87.676355989
01/01/2017 12:00:00 AM,01/01/2017 12:15:00 AM,480,1.2,7.25,41.90749193,-87.63576009,41.921854911,-87.64621097700001
12/31/2016 12:00:00 AM,12/31/2016 12:15:00 AM,780,3.7,12.5,41.922686284,-87.649488729,41.975170943,-87.687515515
01/01/2017 12:00:00 AM,01/01/2017 01:00:00 AM,3660,0.1,26.25,41.884987192,-87.620992913,41.892072635,-87.62887415700001
01/01/2017 12:00:00 AM,01/01/2017 12:15:00 AM,660,1.6,8.0,41.885300021999996,-87.642808466,41.892042136,-87.63186395
12/31/2016 12:00:00 AM,12/31/2016 12:15:00 AM,780,2.3,10.25,41.879255084,-87.642648998,41.898331794,-87.620762865
01/01/2017 12:00:00 AM,01/01/2017 12:15:00 AM,420,1.1,6.5,41.922686284,-87.649488729,41.922686284,-87.649488729
12/31/2016 12:00:00 AM,12/31/2016 12:00:00 AM,387,1.0,6.25,41.89321636,-87.63784421,41.890922026,-87.618868355
12/31/2016 12:00:00 AM,12/31/2016 12:00:00 AM,180,0.0,4.5,41.944226601,-87.655998182,41.944226601,-87.655998182
12/31/2016 12:00:00 AM,12/31/2016 12:00:00 AM,300,0.1,5.0,41.892042136,-87.63186395,41.892042136,-87.63186395
01/01/2017 12:00:00 AM,01/01/2017 12:00:00 AM,240,0.4,4.75,41.884987192,-87.620992913,41.884987192,-87.620992913
12/31/2016 12:00:00 AM,12/31/2016 12:15:00 AM,540,4.0,12.75,41.92926299,-87.63589095399999,41.884987192,-87.620992913
12/31/2016 12:00:00 AM,12/31/2016 12:15:00 AM,720,2.19,9.5,41.899602111,-87.633308037,41.899602111,-87.633308037
12/31/2016 12:00:00 AM,12/31/2016 12:00:00 AM,360,0.0,6.25,41.884987192,-87.620992913,41.892042136,-87.63186395
01/01/2017 12:00:00 AM,01/01/2017 12:00:00 AM,120,0.5,4.5,41.892072635,-87.62887415700001,41.899155613000005,-87.626210532
12/31/2016 12:00:00 AM,12/31/2016 12:00:00 AM,120,0.8,5.0,41.944226601,-87.655998182,41.944226601,-87.655998182
12/31/2016 12:00:00 AM,12/31/2016 12:00:00 AM,240,0.0,5.0,41.942577185,-87.647078509,41.936237179,-87.656411531
12/31/2016 12:00:00 AM,12/31/2016 12:15:00 AM,960,3.0,12.25,41.922686284,-87.649488729,41.874005383000004,-87.66351755
01/01/2017 12:00:00 AM,01/01/2017 12:00:00 AM,540,0.9,7.0,41.880994471,-87.632746489,41.890922026,-87.618868355
12/31/2016 12:00:00 AM,12/31/2016 12:00:00 AM,244,0.58,5.0,41.90749193,-87.63576009,41.905857769,-87.63086502700001
12/31/2016 12:00:00 AM,12/31/2016 12:15:00 AM,720,4.0,13.0,41.878865584,-87.625192142,41.901206994,-87.676355989
12/31/2016 12:00:00 AM,12/31/2016 12:00:00 AM,240,1.3,6.0,41.901206994,-87.676355989,41.901206994,-87.676355989
01/01/2017 12:00:00 AM,01/01/2017 12:30:00 AM,1560,10.5,28.5,41.899602111,-87.633308037,41.94651142,-87.80602000200001
01/01/2017 12:00:00 AM,01/01/2017 12:00:00 AM,360,0.0,6.75,41.892072635,-87.62887415700001,41.885300021999996,-87.642808466
12/31/2016 12:00:00 AM,12/31/2016 12:15:00 AM,120,0.1,4.0,41.892507781,-87.626214906,41.892042136,-87.63186395
12/31/2016 12:00:00 AM,12/31/2016 12:15:00 AM,960,4.9,15.75,41.944226601,-87.655998182,41.878865584,-87.625192142
01/01/2017 12:00:00 AM,01/01/2017 12:15:00 AM,1320,9.75,27.25,41.878865584,-87.625192142,41.761577908,-87.57278198700001
12/31/2016 12:00:00 AM,12/31/2016 12:15:00 AM,420,1.2,7.0,41.891971508000005,-87.612945414,41.898331794,-87.620762865
01/01/2017 12:00:00 AM,01/01/2017 12:15:00 AM,960,0.0,9.25,41.890922026,-87.618868355,41.880994471,-87.632746489
12/31/2016 12:00:00 AM,12/31/2016 12:15:00 AM,480,0.1,8.25,41.884987192,-87.620992913,41.907520075,-87.62665890000001
01/01/2017 12:00:00 AM,01/01/2017 12:30:00 AM,1320,5.8,18.75,41.878865584,-87.625192142,41.878594358,-87.730232428
01/01/2017 12:00:00 AM,01/01/2017 12:00:00 AM,240,0.5,4.75,41.892507781,-87.626214906,41.899155613000005,-87.626210532
01/01/2017 12:00:00 AM,01/01/2017 12:30:00 AM,2160,0.0,17.0,41.880994471,-87.632746489,41.892507781,-87.626214906
12/31/2016 12:00:00 AM,12/31/2016 12:00:00 AM,480,2.1,8.75,41.901206994,-87.676355989,41.92276062,-87.69915534299999
12/31/2016 12:00:00 AM,12/31/2016 12:15:00 AM,660,4.4,14.0,41.922686284,-87.649488729,41.878865584,-87.625192142
01/01/2017 12:00:00 AM,01/01/2017 12:00:00 AM,60,0.3,4.0,41.922686284,-87.649488729,41.922686284,-87.649488729
12/31/2016 12:00:00 AM,12/31/2016 12:00:00 AM,420,0.0,6.75,41.890922026,-87.618868355,41.884987192,-87.620992913
01/01/2017 12:00:00 AM,01/01/2017 12:15:00 AM,420,1.1,6.75,41.880994471,-87.632746489,41.89321636,-87.63784421
12/31/2016 12:00:00 AM,12/31/2016 12:15:00 AM,960,0.0,10.75,41.88528132,-87.65723320000001,41.902788048000005,-87.62614559
12/31/2016 12:00:00 AM,12/31/2016 12:00:00 AM,180,0.4,4.25,41.89321636,-87.63784421,41.880994471,-87.632746489
01/01/2017 12:00:00 AM,01/01/2017 12:45:00 AM,2820,9.3,32.25,41.899602111,-87.633308037,41.968069,-87.72155906299999
12/31/2016 12:00:00 AM,12/31/2016 12:30:00 AM,1500,1.1,44.0,41.97907082,-87.90303966100001,41.902788048000005,-87.62614559
12/31/2016 12:00:00 AM,12/31/2016 12:15:00 AM,420,1.4,7.25,41.88528132,-87.65723320000001,41.892072635,-87.62887415700001
12/31/2016 12:00:00 AM,12/31/2016 12:15:00 AM,420,0.8,6.0,41.880994471,-87.632746489,41.89503345,-87.61971067200001
01/01/2017 12:00:00 AM,01/01/2017 12:15:00 AM,720,0.9,7.75,41.892507781,-87.626214906,41.890922026,-87.618868355
01/01/2017 12:00:00 AM,01/01/2017 12:00:00 AM,600,0.8,7.0,41.880994471,-87.632746489,41.89321636,-87.63784421
12/31/2016 12:00:00 AM,12/31/2016 12:15:00 AM,360,1.0,6.0,41.944226601,-87.655998182,41.944226601,-87.655998182
12/31/2016 12:00:00 AM,12/31/2016 12:00:00 AM,300,0.6,5.25,41.89503345,-87.61971067200001,41.899155613000005,-87.626210532
12/31/2016 12:00:00 AM,12/31/2016 12:00:00 AM,316,0.69,5.5,41.89321636,-87.63784421,41.880994471,-87.632746489
01/01/2017 12:00:00 AM,01/01/2017 12:00:00 AM,360,0.0,5.5,41.900221297,-87.629105186,41.892042136,-87.63186395
01/01/2017 12:00:00 AM,01/01/2017 12:15:00 AM,300,0.5,5.25,41.880994471,-87.632746489,41.870607371999995,-87.622172937
01/01/2017 12:00:00 AM,01/01/2017 12:30:00 AM,1080,3.5,13.5,41.901206994,-87.676355989,41.899602111,-87.633308037
12/31/2016 12:00:00 AM,12/31/2016 12:00:00 AM,540,1.2,7.25,41.892042136,-87.63186395,41.87101588,-87.631406525
01/01/2017 12:00:00 AM,01/01/2017 12:15:00 AM,660,0.0,15.5,41.972667956,-87.663865496,41.90749193,-87.63576009
01/01/2017 12:00:00 AM,01/01/2017 12:15:00 AM,480,0.7,6.25,41.892072635,-87.62887415700001,41.892507781,-87.626214906
12/31/2016 12:00:00 AM,12/31/2016 12:15:00 AM,300,0.9,6.0,41.898331794,-87.620762865,41.884987192,-87.620992913
12/31/2016 12:00:00 AM,12/31/2016 12:15:00 AM,480,2.0,8.25,41.922686284,-87.649488729,41.944226601,-87.655998182
12/31/2016 12:00:00 AM,12/31/2016 12:15:00 AM,300,0.9,6.0,41.890922026,-87.618868355,41.880994471,-87.632746489
01/01/2017 12:00:00 AM,01/01/2017 12:15:00 AM,900,4.7,15.25,41.878865584,-87.625192142,41.92276062,-87.69915534299999
12/31/2016 12:00:00 AM,12/31/2016 12:00:00 AM,480,1.5,7.75,41.96581197,-87.655878786,41.944226601,-87.655998182
01/01/2017 12:00:00 AM,01/01/2017 12:00:00 AM,720,4.8,14.75,42.009622881,-87.67016685700001,41.944226601,-87.655998182
12/31/2016 12:00:00 AM,12/31/2016 12:30:00 AM,1140,6.8,19.0,41.885300021999996,-87.642808466,41.972562538000005,-87.678845966
12/31/2016 12:00:00 AM,12/31/2016 12:15:00 AM,240,0.0,5.0,41.942577185,-87.647078509,41.949829346,-87.64396537
01/01/2017 12:00:00 AM,01/01/2017 12:30:00 AM,1020,4.9,15.75,41.944226601,-87.655998182,41.899602111,-87.633308037
01/01/2017 12:00:00 AM,01/01/2017 12:15:00 AM,1200,0.3,17.5,41.878865584,-87.625192142,41.922686284,-87.649488729
01/01/2017 12:00:00 AM,01/01/2017 12:15:00 AM,1140,3.7,14.25,41.878865584,-87.625192142,41.836150155,-87.648787952
01/01/2017 12:00:00 AM,01/01/2017 12:15:00 AM,840,4.8,15.0,41.878865584,-87.625192142,41.901206994,-87.676355989
12/31/2016 12:00:00 AM,12/31/2016 12:00:00 AM,300,1.4,6.75,41.92276062,-87.69915534299999,41.900069603,-87.720918238
12/31/2016 12:00:00 AM,12/31/2016 12:15:00 AM,840,5.2,16.25,41.899602111,-87.633308037,41.944226601,-87.655998182
12/31/2016 12:00:00 AM,12/31/2016 12:00:00 AM,120,0.3,4.25,41.90749193,-87.63576009,41.905857769,-87.63086502700001
12/31/2016 12:00:00 AM,12/31/2016 12:15:00 AM,1320,8.1,22.75,41.901206994,-87.676355989,41.978829526,-87.77116670299999
12/31/2016 12:00:00 AM,12/31/2016 12:15:00 AM,540,1.5,7.75,41.88528132,-87.65723320000001,41.892507781,-87.626214906
12/31/2016 12:00:00 AM,12/31/2016 12:15:00 AM,960,0.2,15.25,41.942577185,-87.647078509,41.892042136,-87.63186395
12/31/2016 12:00:00 AM,12/31/2016 12:00:00 AM,420,1.2,6.75,41.946294535999996,-87.65429808399999,41.928967266,-87.656156831
12/31/2016 12:00:00 AM,12/31/2016 12:15:00 AM,840,2.6,11.0,41.900265687,-87.63210922,41.867902418,-87.642958665
01/01/2017 12:00:00 AM,01/01/2017 12:15:00 AM,752,2.68,10.5,41.88528132,-87.65723320000001,41.921854911,-87.64621097700001
12/31/2016 12:00:00 AM,12/31/2016 12:30:00 AM,1250,4.01,14.0,41.892042136,-87.63186395,41.892042136,-87.63186395
12/31/2016 12:00:00 AM,12/31/2016 12:15:00 AM,346,0.91,6.0,41.899155613000005,-87.626210532,41.890922026,-87.618868355
12/31/2016 12:00:00 AM,12/31/2016 12:15:00 AM,660,3.0,11.25,41.88528132,-87.65723320000001,41.906025969,-87.67531162200001
01/01/2017 12:00:00 AM,01/01/2017 12:30:00 AM,1200,0.0,10.25,41.880994471,-87.632746489,41.892507781,-87.626214906
12/31/2016 12:00:00 AM,12/31/2016 12:00:00 AM,420,1.08,6.75,41.878865584,-87.625192142,41.899602111,-87.633308037
01/01/2017 12:00:00 AM,01/01/2017 12:15:00 AM,960,1.5,9.5,41.884987192,-87.620992913,41.892507781,-87.626214906
01/01/2017 12:00:00 AM,01/01/2017 12:00:00 AM,300,0.0,5.0,41.89321636,-87.63784421,41.89321636,-87.63784421
12/31/2016 12:00:00 AM,12/31/2016 12:15:00 AM,480,1.5,7.5,41.891971508000005,-87.612945414,41.902788048000005,-87.62614559
12/31/2016 12:00:00 AM,12/31/2016 12:00:00 AM,420,1.8,8.0,41.900265687,-87.63210922,41.880994471,-87.632746489
12/31/2016 12:00:00 AM,12/31/2016 12:00:00 AM,300,0.79,5.75,41.905857769,-87.63086502700001,41.898331794,-87.620762865
01/01/2017 12:00:00 AM,01/01/2017 12:15:00 AM,650,1.79,7.75,41.922686284,-87.649488729,41.922686284,-87.649488729
12/31/2016 12:00:00 AM,12/31/2016 12:15:00 AM,240,0.0,5.0,41.89830587,-87.65361398200001,41.885300021999996,-87.642808466
01/01/2017 12:00:00 AM,01/01/2017 12:15:00 AM,540,0.0,6.5,41.892042136,-87.63186395,41.892507781,-87.626214906
01/01/2017 12:00:00 AM,01/01/2017 12:15:00 AM,180,0.9,5.25,42.009622881,-87.67016685700001,42.009622881,-87.67016685700001
01/01/2017 12:00:00 AM,01/01/2017 12:15:00 AM,240,0.7,5.0,41.900221297,-87.629105186,41.90749193,-87.63576009
12/31/2016 12:00:00 AM,12/31/2016 12:00:00 AM,360,1.0,6.0,41.89321636,-87.63784421,41.892507781,-87.626214906
12/31/2016 12:00:00 AM,12/31/2016 12:15:00 AM,1080,0.1,13.0,41.899602111,-87.633308037,41.901206994,-87.676355989
01/01/2017 12:00:00 AM,01/01/2017 12:15:00 AM,840,5.3,16.25,41.899602111,-87.633308037,41.900069603,-87.720918238
01/01/2017 12:00:00 AM,01/01/2017 12:00:00 AM,180,0.7,5.0,41.906025969,-87.67531162200001,41.906025969,-87.67531162200001
01/01/2017 12:00:00 AM,01/01/2017 12:15:00 AM,180,0.0,5.25,41.901206994,-87.676355989,41.901206994,-87.676355989
01/01/2017 12:00:00 AM,01/01/2017 12:45:00 AM,2880,6.22,25.5,41.898331794,-87.620762865,41.884987192,-87.620992913
01/01/2017 12:00:00 AM,01/01/2017 12:15:00 AM,180,0.7,4.75,41.89830587,-87.65361398200001,41.89321636,-87.63784421
01/01/2017 12:00:00 AM,01/01/2017 12:30:00 AM,1140,6.2,18.75,41.899602111,-87.633308037,41.96581197,-87.655878786
12/31/2016 12:00:00 AM,12/31/2016 12:00:00 AM,120,0.3,4.0,41.89321636,-87.63784421,41.892042136,-87.63186395
12/31/2016 12:00:00 AM,12/31/2016 12:00:00 AM,600,4.2,13.0,41.899602111,-87.633308037,41.922686284,-87.649488729
12/31/2016 12:00:00 AM,12/31/2016 12:00:00 AM,540,0.0,8.0,41.921778356,-87.641459759,41.900221297,-87.629105186
01/01/2017 12:00:00 AM,01/01/2017 12:15:00 AM,720,0.0,7.25,41.880994471,-87.632746489,41.884987192,-87.620992913
12/31/2016 12:00:00 AM,12/31/2016 12:00:00 AM,300,1.2,6.25,41.87101588,-87.631406525,41.859349715,-87.617358006
12/31/2016 12:00:00 AM,12/31/2016 12:00:00 AM,420,0.1,7.75,41.891971508000005,-87.612945414,41.880994471,-87.632746489
12/31/2016 12:00:00 AM,12/31/2016 12:00:00 AM,180,0.0,4.75,41.892042136,-87.63186395,41.884987192,-87.620992913
01/01/2017 12:00:00 AM,01/01/2017 12:30:00 AM,1140,0.2,14.5,41.877406123,-87.62197165200001,41.914616286,-87.631717366
12/31/2016 12:00:00 AM,12/31/2016 12:15:00 AM,407,1.13,6.5,41.900221297,-87.629105186,41.880994471,-87.632746489
01/01/2017 12:00:00 AM,01/01/2017 12:15:00 AM,1169,1.05,10.5,41.877406123,-87.62197165200001,41.890922026,-87.618868355
01/01/2017 12:00:00 AM,01/01/2017 12:15:00 AM,840,2.6,11.0,41.892042136,-87.63186395,41.859349715,-87.617358006
12/31/2016 12:00:00 AM,12/31/2016 12:15:00 AM,360,1.1,6.25,41.934539715999996,-87.643022804,41.929046936999995,-87.65131087700001
01/01/2017 12:00:00 AM,01/01/2017 12:00:00 AM,180,0.0,4.75,41.885300021999996,-87.642808466,41.879066994,-87.65700502700001
12/31/2016 12:00:00 AM,12/31/2016 12:15:00 AM,600,0.1,9.0,41.879255084,-87.642648998,41.899155613000005,-87.626210532
12/31/2016 12:00:00 AM,12/31/2016 12:30:00 AM,1260,13.2,33.5,41.980264315,-87.913624596,41.92276062,-87.69915534299999
12/31/2016 12:00:00 AM,12/31/2016 12:15:00 AM,660,4.8,14.5,41.946294535999996,-87.65429808399999,41.89321636,-87.63784421
12/31/2016 12:00:00 AM,12/31/2016 12:15:00 AM,780,3.4,11.5,41.899602111,-87.633308037,41.968069,-87.72155906299999
12/31/2016 12:00:00 AM,12/31/2016 12:15:00 AM,600,2.5,9.75,41.922686284,-87.649488729,41.899602111,-87.633308037
01/01/2017 12:00:00 AM,01/01/2017 12:30:00 AM,1440,0.1,12.0,41.892507781,-87.626214906,41.89503345,-87.61971067200001
01/01/2017 12:00:00 AM,01/01/2017 12:15:00 AM,720,0.9,7.75,41.89503345,-87.61971067200001,41.892042136,-87.63186395
01/01/2017 12:00:00 AM,01/01/2017 12:15:00 AM,360,1.4,7.0,41.870607371999995,-87.622172937,41.890922026,-87.618868355
12/31/2016 12:00:00 AM,12/31/2016 12:15:00 AM,300,1.4,6.75,41.922686284,-87.649488729,41.922686284,-87.649488729
12/31/2016 12:00:00 AM,12/31/2016 12:15:00 AM,420,0.0,6.5,41.892042136,-87.63186395,41.89321636,-87.63784421
01/01/2017 12:00:00 AM,01/01/2017 12:15:00 AM,420,1.2,7.0,41.898331794,-87.620762865,41.884987192,-87.620992913
01/01/2017 12:00:00 AM,01/01/2017 12:30:00 AM,1080,13.7,33.25,41.980264315,-87.913624596,41.92276062,-87.69915534299999
12/31/2016 12:00:00 AM,12/31/2016 12:15:00 AM,660,2.6,10.25,41.874005383000004,-87.66351755,41.899602111,-87.633308037
01/01/2017 12:00:00 AM,01/01/2017 12:00:00 AM,300,0.9,5.5,41.892042136,-87.63186395,41.89830587,-87.65361398200001
12/31/2016 12:00:00 AM,12/31/2016 12:00:00 AM,120,0.6,4.75,41.944226601,-87.655998182,41.944226601,-87.655998182
01/01/2017 12:00:00 AM,01/01/2017 12:15:00 AM,540,0.0,8.0,41.884987192,-87.620992913,41.870607371999995,-87.622172937
01/01/2017 12:00:00 AM,01/01/2017 12:00:00 AM,540,3.1,10.75,41.953582125,-87.72345239,41.96581197,-87.655878786
12/31/2016 12:00:00 AM,12/31/2016 12:15:00 AM,960,9.4,25.0,41.79259236,-87.76961545299999,41.857183858,-87.620334624
01/01/2017 12:00:00 AM,01/01/2017 12:15:00 AM,840,0.1,9.5,41.880994471,-87.632746489,41.900221297,-87.629105186
01/01/2017 12:00:00 AM,01/01/2017 12:15:00 AM,1140,1.3,10.25,41.880994471,-87.632746489,41.892507781,-87.626214906
01/01/2017 12:00:00 AM,01/01/2017 12:00:00 AM,420,0.0,6.0,41.952822916,-87.65324399200001,41.942691844,-87.65177050700001
12/31/2016 12:00:00 AM,12/31/2016 12:00:00 AM,600,3.3,11.25,41.922686284,-87.649488729,41.899602111,-87.633308037
12/31/2016 12:00:00 AM,12/31/2016 12:00:00 AM,600,4.5,13.75,41.944226601,-87.655998182,41.899602111,-87.633308037
12/31/2016 12:00:00 AM,12/31/2016 12:00:00 AM,60,0.0,4.25,41.975170943,-87.687515515,41.975170943,-87.687515515
01/01/2017 12:00:00 AM,01/01/2017 12:15:00 AM,480,0.1,8.75,41.986711799999995,-87.663416405,42.009622881,-87.67016685700001
01/01/2017 12:00:00 AM,01/01/2017 12:15:00 AM,360,0.0,4.75,41.89321636,-87.63784421,41.892042136,-87.63186395
12/31/2016 12:00:00 AM,12/31/2016 12:15:00 AM,840,0.3,16.25,41.899602111,-87.633308037,41.944226601,-87.655998182
01/01/2017 12:00:00 AM,01/01/2017 12:45:00 AM,2340,7.3,26.5,41.878865584,-87.625192142,41.96581197,-87.655878786
12/31/2016 12:00:00 AM,12/31/2016 12:15:00 AM,660,2.6,10.75,41.899602111,-87.633308037,41.857183858,-87.620334624
01/01/2017 12:00:00 AM,01/01/2017 12:30:00 AM,1380,1.4,11.75,41.892072635,-87.62887415700001,41.884987192,-87.620992913
01/01/2017 12:00:00 AM,01/01/2017 12:30:00 AM,1080,0.0,18.75,41.899602111,-87.633308037,41.96581197,-87.655878786
01/01/2017 12:00:00 AM,01/01/2017 12:15:00 AM,780,6.0,17.5,41.972709547,-87.65734110700001,41.892072635,-87.62887415700001
01/01/2017 12:00:00 AM,01/01/2017 12:00:00 AM,420,0.1,7.5,41.922686284,-87.649488729,41.899602111,-87.633308037
01/01/2017 12:00:00 AM,01/01/2017 12:15:00 AM,1080,1.5,10.25,41.892507781,-87.626214906,41.877406123,-87.62197165200001
12/31/2016 12:00:00 AM,12/31/2016 12:15:00 AM,720,6.4,18.0,41.901206994,-87.676355989,41.92276062,-87.69915534299999
12/31/2016 12:00:00 AM,12/31/2016 12:00:00 AM,300,1.2,6.0,41.96581197,-87.655878786,41.96581197,-87.655878786
01/01/2017 12:00:00 AM,01/01/2017 12:15:00 AM,480,1.7,7.5,41.899602111,-87.633308037,41.901206994,-87.676355989
01/01/2017 12:00:00 AM,01/01/2017 12:30:00 AM,2100,0.0,46.25,41.97907082,-87.90303966100001,41.890922026,-87.618868355
12/31/2016 12:00:00 AM,12/31/2016 12:15:00 AM,540,0.0,8.75,41.89321636,-87.63784421,41.914616286,-87.631717366
01/01/2017 12:00:00 AM,01/01/2017 12:15:00 AM,360,0.0,5.5,41.884987192,-87.620992913,41.880994471,-87.632746489
12/31/2016 12:00:00 AM,12/31/2016 12:00:00 AM,180,0.0,4.5,41.892507781,-87.626214906,41.892042136,-87.63186395
12/31/2016 12:00:00 AM,12/31/2016 12:00:00 AM,480,1.3,7.25,41.90749193,-87.63576009,41.89321636,-87.63784421
12/31/2016 12:00:00 AM,12/31/2016 12:15:00 AM,1440,17.3,43.75,41.97907082,-87.90303966100001,41.892072635,-87.62887415700001
12/31/2016 12:00:00 AM,12/31/2016 12:15:00 AM,540,2.7,10.0,41.899602111,-87.633308037,41.922686284,-87.649488729
12/31/2016 12:00:00 AM,12/31/2016 12:00:00 AM,240,0.8,5.5,41.900221297,-87.629105186,41.898331794,-87.620762865
01/01/2017 12:00:00 AM,01/01/2017 12:45:00 AM,2280,0.0,16.5,41.899602111,-87.633308037,41.899602111,-87.633308037
01/01/2017 12:00:00 AM,01/01/2017 12:15:00 AM,660,3.3,11.25,41.860190019,-87.71722009999999,41.874005383000004,-87.66351755
01/01/2017 12:00:00 AM,01/01/2017 12:00:00 AM,300,0.8,5.75,41.880994471,-87.632746489,41.87101588,-87.631406525
01/01/2017 12:00:00 AM,01/01/2017 12:15:00 AM,420,1.8,7.75,41.922686284,-87.649488729,41.901206994,-87.676355989
12/31/2016 12:00:00 AM,12/31/2016 12:15:00 AM,420,2.0,8.5,41.908378669,-87.670945075,41.89321636,-87.63784421
12/31/2016 12:00:00 AM,12/31/2016 12:15:00 AM,1080,6.5,18.5,41.922686284,-87.649488729,42.009622881,-87.67016685700001
12/31/2016 12:00:00 AM,12/31/2016 12:15:00 AM,180,0.2,4.25,41.90749193,-87.63576009,41.90749193,-87.63576009
12/31/2016 12:00:00 AM,12/31/2016 12:15:00 AM,720,2.2,9.25,41.900221297,-87.629105186,41.879255084,-87.642648998
01/01/2017 12:00:00 AM,01/01/2017 12:15:00 AM,960,5.9,17.5,41.878865584,-87.625192142,41.944226601,-87.655998182
12/31/2016 12:00:00 AM,12/31/2016 12:00:00 AM,180,0.3,4.25,41.874005383000004,-87.66351755,41.874005383000004,-87.66351755
12/31/2016 12:00:00 AM,12/31/2016 12:00:00 AM,600,2.5,9.5,41.922686284,-87.649488729,41.944226601,-87.655998182
12/31/2016 12:00:00 AM,12/31/2016 12:00:00 AM,300,0.0,5.75,41.885300021999996,-87.642808466,41.88528132,-87.65723320000001
01/01/2017 12:00:00 AM,01/01/2017 12:00:00 AM,180,0.5,4.5,41.944226601,-87.655998182,41.944226601,-87.655998182
12/31/2016 12:00:00 AM,12/31/2016 12:15:00 AM,900,1.8,9.75,41.899155613000005,-87.626210532,41.884987192,-87.620992913
12/31/2016 12:00:00 AM,12/31/2016 12:45:00 AM,1868,14.12,36.5,41.980264315,-87.913624596,42.009622881,-87.67016685700001
12/31/2016 12:00:00 AM,12/31/2016 12:15:00 AM,420,0.0,6.25,41.892507781,-87.626214906,41.898331794,-87.620762865
12/31/2016 12:00:00 AM,12/31/2016 12:15:00 AM,840,2.3,10.0,41.921778356,-87.641459759,41.892042136,-87.63186395
01/01/2017 12:00:00 AM,01/01/2017 12:30:00 AM,1380,0.6,26.75,41.972667956,-87.663865496,41.849246754,-87.624135298
01/01/2017 12:00:00 AM,01/01/2017 12:15:00 AM,480,1.3,7.0,41.90749193,-87.63576009,41.899155613000005,-87.626210532
01/01/2017 12:00:00 AM,01/01/2017 12:15:00 AM,240,0.2,4.5,41.892507781,-87.626214906,41.892507781,-87.626214906
12/31/2016 12:00:00 AM,12/31/2016 12:15:00 AM,774,2.93,10.0,41.944226601,-87.655998182,41.986711799999995,-87.663416405
01/01/2017 12:00:00 AM,01/01/2017 12:15:00 AM,720,3.6,12.25,41.874005383000004,-87.66351755,41.836150155,-87.648787952
01/01/2017 12:00:00 AM,01/01/2017 12:15:00 AM,900,4.79,15.5,41.892507781,-87.626214906,41.921854911,-87.64621097700001
01/01/2017 12:00:00 AM,01/01/2017 12:15:00 AM,484,3.34,11.25,41.922686284,-87.649488729,41.96581197,-87.655878786
12/31/2016 12:00:00 AM,12/31/2016 12:00:00 AM,360,0.8,5.5,41.89321636,-87.63784421,41.892072635,-87.62887415700001
12/31/2016 12:00:00 AM,12/31/2016 12:15:00 AM,240,0.0,5.5,41.880994471,-87.632746489,41.884987192,-87.620992913
12/31/2016 12:00:00 AM,12/31/2016 12:15:00 AM,660,2.1,9.5,41.90749193,-87.63576009,41.885300021999996,-87.642808466
12/31/2016 12:00:00 AM,12/31/2016 12:15:00 AM,720,3.0,11.25,41.892042136,-87.63186395,41.906025969,-87.67531162200001
01/01/2017 12:00:00 AM,01/01/2017 12:00:00 AM,660,1.6,8.25,41.892507781,-87.626214906,41.885300021999996,-87.642808466
01/01/2017 12:00:00 AM,01/01/2017 12:15:00 AM,540,1.8,8.0,41.898331794,-87.620762865,41.892658108,-87.652534484
01/01/2017 12:00:00 AM,01/01/2017 12:00:00 AM,420,1.3,7.0,41.92276062,-87.69915534299999,41.901206994,-87.676355989
12/31/2016 12:00:00 AM,12/31/2016 12:15:00 AM,480,1.4,7.75,41.879255084,-87.642648998,41.892507781,-87.626214906
12/31/2016 12:00:00 AM,12/31/2016 12:00:00 AM,300,0.9,5.75,41.90749193,-87.63576009,41.900265687,-87.63210922
01/01/2017 12:00:00 AM,01/01/2017 12:15:00 AM,1200,0.9,37.5,41.980264315,-87.913624596,41.922686284,-87.649488729
01/01/2017 12:00:00 AM,01/01/2017 12:30:00 AM,1500,0.0,13.5,41.870607371999995,-87.622172937,41.905857769,-87.63086502700001
12/31/2016 12:00:00 AM,12/31/2016 12:00:00 AM,600,0.2,13.0,41.899602111,-87.633308037,41.874005383000004,-87.66351755
12/31/2016 12:00:00 AM,12/31/2016 12:15:00 AM,900,4.0,13.0,41.947791586,-87.683834942,41.901206994,-87.676355989
12/31/2016 12:00:00 AM,12/31/2016 12:00:00 AM,360,1.4,6.75,41.892507781,-87.626214906,41.892507781,-87.626214906
01/01/2017 12:00:00 AM,01/01/2017 12:00:00 AM,102,0.32,4.0,41.880994471,-87.632746489,41.880994471,-87.632746489
12/31/2016 12:00:00 AM,12/31/2016 12:15:00 AM,660,0.0,7.75,41.900221297,-87.629105186,41.892042136,-87.63186395
01/01/2017 12:00:00 AM,01/01/2017 12:15:00 AM,300,0.8,5.5,41.880994471,-87.632746489,41.870607371999995,-87.622172937
12/31/2016 12:00:00 AM,12/31/2016 12:15:00 AM,600,1.8,8.25,41.892507781,-87.626214906,41.88528132,-87.65723320000001
12/31/2016 12:00:00 AM,12/31/2016 12:00:00 AM,240,1.1,5.75,41.906025969,-87.67531162200001,41.892355048,-87.67450678799999
01/01/2017 12:00:00 AM,01/01/2017 12:30:00 AM,1140,3.8,14.25,41.892042136,-87.63186395,41.938391258,-87.63857492
01/01/2017 12:00:00 AM,01/01/2017 12:15:00 AM,420,2.0,8.25,41.968069,-87.72155906299999,41.975170943,-87.687515515
12/31/2016 12:00:00 AM,12/31/2016 12:15:00 AM,600,0.0,11.75,41.880994471,-87.632746489,41.906650766,-87.66533766
01/01/2017 12:00:00 AM,01/01/2017 12:15:00 AM,840,2.0,9.5,41.899602111,-87.633308037,41.944226601,-87.655998182
12/31/2016 12:00:00 AM,12/31/2016 12:00:00 AM,300,0.0,6.5,41.901206994,-87.676355989,41.901206994,-87.676355989
12/31/2016 12:00:00 AM,12/31/2016 12:15:00 AM,960,3.7,13.5,41.92276062,-87.69915534299999,41.975170943,-87.687515515
01/01/2017 12:00:00 AM,01/01/2017 12:15:00 AM,900,0.0,17.75,41.899602111,-87.633308037,41.968069,-87.72155906299999
12/31/2016 12:00:00 AM,12/31/2016 12:15:00 AM,420,3.5,11.25,41.944226601,-87.655998182,41.899602111,-87.633308037
12/31/2016 12:00:00 AM,12/31/2016 12:15:00 AM,180,0.5,4.5,41.892507781,-87.626214906,41.890922026,-87.618868355
12/31/2016 12:00:00 AM,12/31/2016 12:00:00 AM,300,1.3,6.5,41.922686284,-87.649488729,41.922686284,-87.649488729
01/01/2017 12:00:00 AM,01/01/2017 12:00:00 AM,840,5.6,16.5,41.906025969,-87.67531162200001,41.859349715,-87.617358006
12/31/2016 12:00:00 AM,12/31/2016 12:15:00 AM,840,0.0,10.75,41.879255084,-87.642648998,41.905857769,-87.63086502700001
01/01/2017 12:00:00 AM,01/01/2017 12:00:00 AM,631,1.08,7.5,41.88528132,-87.65723320000001,41.880994471,-87.632746489
01/01/2017 12:00:00 AM,01/01/2017 12:00:00 AM,480,2.9,10.25,41.899737388,-87.664953917,41.929046936999995,-87.65131087700001
01/01/2017 12:00:00 AM,01/01/2017 12:15:00 AM,720,0.0,8.75,41.885300021999996,-87.642808466,41.892042136,-87.63186395
01/01/2017 12:00:00 AM,01/01/2017 12:30:00 AM,1020,2.0,10.25,41.884987192,-87.620992913,41.902788048000005,-87.62614559
01/01/2017 12:00:00 AM,01/01/2017 12:15:00 AM,600,0.0,9.25,41.899602111,-87.633308037,41.922686284,-87.649488729
12/31/2016 12:00:00 AM,12/31/2016 12:30:00 AM,1140,5.3,17.25,41.972709547,-87.65734110700001,41.911972301,-87.683642922
01/01/2017 12:00:00 AM,01/01/2017 12:15:00 AM,720,0.1,8.25,41.922686284,-87.649488729,41.944226601,-87.655998182
12/31/2016 12:00:00 AM,12/31/2016 12:15:00 AM,360,0.5,5.75,41.892042136,-87.63186395,41.884987192,-87.620992913
01/01/2017 12:00:00 AM,01/01/2017 12:15:00 AM,660,3.1,11.25,41.944226601,-87.655998182,41.953582125,-87.72345239
01/01/2017 12:00:00 AM,01/01/2017 12:00:00 AM,540,0.1,9.75,41.944226601,-87.655998182,41.901206994,-87.676355989
12/31/2016 12:00:00 AM,12/31/2016 12:30:00 AM,1800,7.4,22.5,41.921854911,-87.64621097700001,41.921854911,-87.64621097700001
01/01/2017 12:00:00 AM,01/01/2017 12:15:00 AM,960,0.0,14.75,41.850266366,-87.66756931200001,41.817366208,-87.69886079700001
01/01/2017 12:00:00 AM,01/01/2017 12:15:00 AM,540,0.0,7.25,41.89321636,-87.63784421,41.885300021999996,-87.642808466
12/31/2016 12:00:00 AM,12/31/2016 12:15:00 AM,1200,15.0,37.25,41.97907082,-87.90303966100001,41.906650766,-87.66533766
12/31/2016 12:00:00 AM,12/31/2016 12:15:00 AM,300,1.4,7.0,41.944226601,-87.655998182,41.922686284,-87.649488729
01/01/2017 12:00:00 AM,01/01/2017 12:15:00 AM,420,1.2,6.75,41.899602111,-87.633308037,41.899602111,-87.633308037
01/01/2017 12:00:00 AM,01/01/2017 12:00:00 AM,180,0.0,5.5,41.986711799999995,-87.663416405,41.986711799999995,-87.663416405
01/01/2017 12:00:00 AM,01/01/2017 12:15:00 AM,720,0.0,8.75,41.892072635,-87.62887415700001,41.898331794,-87.620762865
12/31/2016 12:00:00 AM,12/31/2016 12:15:00 AM,600,3.0,10.75,41.901206994,-87.676355989,41.922686284,-87.649488729
12/31/2016 12:00:00 AM,12/31/2016 12:15:00 AM,360,0.58,5.5,41.892042136,-87.63186395,41.892507781,-87.626214906
01/01/2017 12:00:00 AM,01/01/2017 12:15:00 AM,300,0.8,5.25,41.968069,-87.72155906299999,41.968069,-87.72155906299999
12/31/2016 12:00:00 AM,12/31/2016 12:00:00 AM,240,0.0,5.0,41.892042136,-87.63186395,41.880994471,-87.632746489
01/01/2017 12:00:00 AM,01/01/2017 12:15:00 AM,660,5.46,16.0,41.899602111,-87.633308037,41.92276062,-87.69915534299999
01/01/2017 12:00:00 AM,01/01/2017 12:00:00 AM,540,0.0,6.5,41.899155613000005,-87.626210532,41.892072635,-87.62887415700001
01/01/2017 12:00:00 AM,01/01/2017 12:00:00 AM,420,0.8,6.25,41.892042136,-87.63186395,41.880994471,-87.632746489
12/31/2016 12:00:00 AM,12/31/2016 12:00:00 AM,420,1.7,7.75,41.899602111,-87.633308037,41.901206994,-87.676355989
12/31/2016 12:00:00 AM,12/31/2016 12:15:00 AM,780,0.0,7.25,41.892072635,-87.62887415700001,41.89321636,-87.63784421
12/31/2016 12:00:00 AM,12/31/2016 12:15:00 AM,240,1.2,6.25,41.874005383000004,-87.66351755,41.874005383000004,-87.66351755
12/31/2016 12:00:00 AM,12/31/2016 12:00:00 AM,660,4.4,14.0,41.899602111,-87.633308037,41.944226601,-87.655998182
12/31/2016 12:00:00 AM,12/31/2016 12:15:00 AM,780,3.1,11.5,41.87866742,-87.671653621,41.884987192,-87.620992913
12/31/2016 12:00:00 AM,12/31/2016 12:15:00 AM,960,4.7,15.5,41.899602111,-87.633308037,41.944226601,-87.655998182
12/31/2016 12:00:00 AM,12/31/2016 12:15:00 AM,720,0.0,10.5,41.986711799999995,-87.663416405,41.983636307,-87.723583185
01/01/2017 12:00:00 AM,01/01/2017 12:00:00 AM,240,0.6,4.75,41.898331794,-87.620762865,41.899155613000005,-87.626210532
12/31/2016 12:00:00 AM,12/31/2016 12:15:00 AM,480,0.0,6.75,41.892072635,-87.62887415700001,41.897983898,-87.64149153299999
01/01/2017 12:00:00 AM,01/01/2017 12:00:00 AM,360,0.9,6.0,41.892042136,-87.63186395,41.899155613000005,-87.626210532
12/31/2016 12:00:00 AM,12/31/2016 12:15:00 AM,240,0.6,5.0,41.900265687,-87.63210922,41.902788048000005,-87.62614559
12/31/2016 12:00:00 AM,12/31/2016 12:00:00 AM,600,1.8,8.75,41.892507781,-87.626214906,41.88528132,-87.65723320000001
12/31/2016 12:00:00 AM,12/31/2016 12:15:00 AM,1080,0.0,20.0,41.874005383000004,-87.66351755,41.878914496,-87.70589713
01/01/2017 12:00:00 AM,01/01/2017 12:30:00 AM,1620,6.0,19.75,41.901206994,-87.676355989,41.900069603,-87.720918238
12/31/2016 12:00:00 AM,12/31/2016 12:15:00 AM,480,1.3,7.25,41.89321636,-87.63784421,41.89503345,-87.61971067200001
01/01/2017 12:00:00 AM,01/01/2017 12:30:00 AM,1260,0.0,10.5,41.884987192,-87.620992913,41.884987192,-87.620992913
12/31/2016 12:00:00 AM,12/31/2016 12:00:00 AM,300,0.7,5.25,41.890922026,-87.618868355,41.898331794,-87.620762865
01/01/2017 12:00:00 AM,01/01/2017 12:15:00 AM,420,1.9,8.25,41.884987192,-87.620992913,41.907520075,-87.62665890000001
01/01/2017 12:00:00 AM,01/01/2017 12:15:00 AM,660,1.2,8.0,41.892072635,-87.62887415700001,41.879255084,-87.642648998
01/01/2017 12:00:00 AM,01/01/2017 12:15:00 AM,960,0.8,8.75,41.880994471,-87.632746489,41.892072635,-87.62887415700001
12/31/2016 12:00:00 AM,12/31/2016 12:00:00 AM,660,3.4,11.5,41.899602111,-87.633308037,41.944226601,-87.655998182
01/01/2017 12:00:00 AM,01/01/2017 12:00:00 AM,60,0.1,3.5,41.899602111,-87.633308037,41.899602111,-87.633308037
12/31/2016 12:00:00 AM,12/31/2016 12:00:00 AM,163,0.19,4.0,41.89321636,-87.63784421,41.892042136,-87.63186395
01/01/2017 12:00:00 AM,01/01/2017 12:15:00 AM,540,2.0,8.5,41.89321636,-87.63784421,41.914616286,-87.631717366
01/01/2017 12:00:00 AM,01/01/2017 12:00:00 AM,480,3.5,11.25,41.986711799999995,-87.663416405,41.944226601,-87.655998182
12/31/2016 12:00:00 AM,12/31/2016 12:00:00 AM,480,3.0,10.5,41.899155613000005,-87.626210532,41.929046936999995,-87.65131087700001
12/31/2016 12:00:00 AM,12/31/2016 12:30:00 AM,1080,0.0,22.0,41.899602111,-87.633308037,41.986711799999995,-87.663416405
01/01/2017 12:00:00 AM,01/01/2017 12:30:00 AM,1080,6.8,20.5,41.878865584,-87.625192142,41.794090253,-87.592310855
01/01/2017 12:00:00 AM,01/01/2017 12:15:00 AM,600,0.0,8.25,41.892507781,-87.626214906,41.879255084,-87.642648998
01/01/2017 12:00:00 AM,01/01/2017 12:00:00 AM,180,0.5,4.5,41.899155613000005,-87.626210532,41.892042136,-87.63186395
01/01/2017 12:00:00 AM,01/01/2017 12:15:00 AM,600,1.0,6.75,41.870607371999995,-87.622172937,41.884987192,-87.620992913
01/01/2017 12:00:00 AM,01/01/2017 12:30:00 AM,1500,0.5,25.25,41.899602111,-87.633308037,41.954027649000004,-87.76339903200001
01/01/2017 12:00:00 AM,01/01/2017 12:15:00 AM,660,2.4,9.5,41.944226601,-87.655998182,41.947791586,-87.683834942
01/01/2017 12:00:00 AM,01/01/2017 12:15:00 AM,1500,0.4,22.75,41.880994471,-87.632746489,41.898331794,-87.620762865
12/31/2016 12:00:00 AM,12/31/2016 12:30:00 AM,1320,7.1,21.5,41.878865584,-87.625192142,41.944226601,-87.655998182
12/31/2016 12:00:00 AM,12/31/2016 12:00:00 AM,420,1.7,7.5,41.90749193,-87.63576009,41.890922026,-87.618868355
01/01/2017 12:00:00 AM,01/01/2017 12:15:00 AM,60,0.3,3.75,41.88528132,-87.65723320000001,41.88528132,-87.65723320000001
12/31/2016 12:00:00 AM,12/31/2016 12:15:00 AM,900,3.1,11.5,41.892042136,-87.63186395,41.929077655,-87.646293476
12/31/2016 12:00:00 AM,12/31/2016 12:15:00 AM,720,0.0,11.25,41.88528132,-87.65723320000001,41.921854911,-87.64621097700001
01/01/2017 12:00:00 AM,01/01/2017 12:15:00 AM,120,0.3,4.0,41.944226601,-87.655998182,41.944226601,-87.655998182
12/31/2016 12:00:00 AM,12/31/2016 12:00:00 AM,480,3.2,11.0,41.899602111,-87.633308037,41.901206994,-87.676355989
12/31/2016 12:00:00 AM,12/31/2016 12:15:00 AM,600,0.0,9.0,41.899602111,-87.633308037,41.901206994,-87.676355989
12/31/2016 12:00:00 AM,12/31/2016 12:00:00 AM,240,0.5,5.0,41.890922026,-87.618868355,41.892042136,-87.63186395
12/31/2016 12:00:00 AM,12/31/2016 12:00:00 AM,300,0.1,7.25,41.953582125,-87.72345239,41.953582125,-87.72345239
12/31/2016 12:00:00 AM,12/31/2016 12:00:00 AM,360,1.0,6.0,41.892507781,-87.626214906,41.885300021999996,-87.642808466
01/01/2017 12:00:00 AM,01/01/2017 12:15:00 AM,780,2.0,9.25,41.944226601,-87.655998182,41.922686284,-87.649488729
12/31/2016 12:00:00 AM,12/31/2016 12:15:00 AM,780,0.2,14.25,41.953582125,-87.72345239,42.001571027,-87.695012589
01/01/2017 12:00:00 AM,01/01/2017 12:15:00 AM,540,0.9,7.0,41.877406123,-87.62197165200001,41.880994471,-87.632746489
01/01/2017 12:00:00 AM,01/01/2017 12:15:00 AM,1500,2.96,15.5,41.899602111,-87.633308037,41.874005383000004,-87.66351755
12/31/2016 12:00:00 AM,12/31/2016 12:00:00 AM,540,0.8,6.75,41.892507781,-87.626214906,41.884987192,-87.620992913
01/01/2017 12:00:00 AM,01/01/2017 12:15:00 AM,660,3.3,12.0,41.892507781,-87.626214906,41.921778356,-87.641459759
12/31/2016 12:00:00 AM,12/31/2016 12:15:00 AM,420,0.1,7.5,41.944226601,-87.655998182,41.92276062,-87.69915534299999
12/31/2016 12:00:00 AM,12/31/2016 12:00:00 AM,703,1.57,9.0,41.90749193,-87.63576009,41.892507781,-87.626214906
01/01/2017 12:00:00 AM,01/01/2017 12:00:00 AM,60,0.0,3.5,41.879255084,-87.642648998,41.879255084,-87.642648998
01/01/2017 12:00:00 AM,01/01/2017 12:15:00 AM,300,0.5,5.25,41.914616286,-87.631717366,41.899155613000005,-87.626210532
01/01/2017 12:00:00 AM,01/01/2017 12:15:00 AM,480,0.5,6.25,41.892507781,-87.626214906,41.890922026,-87.618868355
01/01/2017 12:00:00 AM,01/01/2017 12:30:00 AM,1080,1.9,11.25,41.879255084,-87.642648998,41.89321636,-87.63784421
01/01/2017 12:00:00 AM,01/01/2017 12:00:00 AM,540,0.0,7.5,41.879255084,-87.642648998,41.89321636,-87.63784421
01/01/2017 12:00:00 AM,01/01/2017 12:15:00 AM,720,0.0,7.5,41.880994471,-87.632746489,41.892042136,-87.63186395
01/01/2017 12:00:00 AM,01/01/2017 12:00:00 AM,540,1.4,7.75,41.901206994,-87.676355989,41.92276062,-87.69915534299999
01/01/2017 12:00:00 AM,01/01/2017 12:15:00 AM,1080,0.0,9.75,41.880994471,-87.632746489,41.884987192,-87.620992913
12/31/2016 12:00:00 AM,12/31/2016 12:00:00 AM,420,1.26,7.25,41.880994471,-87.632746489,41.900221297,-87.629105186
01/01/2017 12:00:00 AM,01/01/2017 12:30:00 AM,1860,0.0,14.5,41.880994471,-87.632746489,41.892507781,-87.626214906
12/31/2016 12:00:00 AM,12/31/2016 12:00:00 AM,540,3.1,10.75,41.899602111,-87.633308037,41.901206994,-87.676355989
12/31/2016 12:00:00 AM,12/31/2016 12:15:00 AM,660,3.3,11.25,41.92276062,-87.69915534299999,41.922686284,-87.649488729
12/31/2016 12:00:00 AM,12/31/2016 12:00:00 AM,480,2.0,8.75,41.878865584,-87.625192142,41.878865584,-87.625192142
01/01/2017 12:00:00 AM,01/01/2017 12:15:00 AM,1140,5.4,16.75,41.944226601,-87.655998182,41.901206994,-87.676355989
01/01/2017 12:00:00 AM,01/01/2017 12:15:00 AM,720,0.0,8.0,41.884987192,-87.620992913,41.892042136,-87.63186395
01/01/2017 12:00:00 AM,01/01/2017 12:15:00 AM,720,2.7,10.25,41.92276062,-87.69915534299999,41.938666196,-87.71121059299999
12/31/2016 12:00:00 AM,12/31/2016 12:00:00 AM,480,0.0,7.0,41.892507781,-87.626214906,41.884987192,-87.620992913
12/31/2016 12:00:00 AM,12/31/2016 12:15:00 AM,840,8.2,22.0,41.874005383000004,-87.66351755,41.792357223,-87.61793138
01/01/2017 12:00:00 AM,01/01/2017 12:15:00 AM,600,0.0,7.5,41.88528132,-87.65723320000001,41.89321636,-87.63784421
12/31/2016 12:00:00 AM,12/31/2016 12:15:00 AM,660,0.4,21.0,41.874005383000004,-87.66351755,41.953582125,-87.72345239
01/01/2017 12:00:00 AM,01/01/2017 12:00:00 AM,600,1.0,7.25,41.892507781,-87.626214906,41.891971508000005,-87.612945414
12/31/2016 12:00:00 AM,12/31/2016 12:00:00 AM,480,0.0,7.0,41.900221297,-87.629105186,41.891971508000005,-87.612945414
01/01/2017 12:00:00 AM,01/01/2017 12:15:00 AM,780,2.7,11.25,41.879255084,-87.642648998,41.892507781,-87.626214906
01/01/2017 12:00:00 AM,01/01/2017 12:00:00 AM,240,0.6,5.0,41.899602111,-87.633308037,41.899602111,-87.633308037
01/01/2017 12:00:00 AM,01/01/2017 12:00:00 AM,120,0.5,4.25,41.944226601,-87.655998182,41.944226601,-87.655998182
01/01/2017 12:00:00 AM,01/01/2017 12:15:00 AM,600,3.0,10.5,41.898331794,-87.620762865,41.93057857,-87.64220631299999
01/01/2017 12:00:00 AM,01/01/2017 12:00:00 AM,360,0.9,6.0,41.892072635,-87.62887415700001,41.902788048000005,-87.62614559
01/01/2017 12:00:00 AM,01/01/2017 12:15:00 AM,480,0.7,6.25,41.892507781,-87.626214906,41.884987192,-87.620992913
12/31/2016 12:00:00 AM,12/31/2016 12:15:00 AM,600,2.8,10.75,41.874005383000004,-87.66351755,41.860190019,-87.71722009999999
01/01/2017 12:00:00 AM,01/01/2017 12:00:00 AM,240,0.0,5.0,41.96581197,-87.655878786,41.96581197,-87.655878786
12/31/2016 12:00:00 AM,12/31/2016 12:15:00 AM,720,0.1,9.75,41.87866742,-87.671653621,41.880994471,-87.632746489
01/01/2017 12:00:00 AM,01/01/2017 12:15:00 AM,1260,0.3,18.75,41.878865584,-87.625192142,41.944226601,-87.655998182
12/31/2016 12:00:00 AM,12/31/2016 12:00:00 AM,120,0.28,4.0,41.89321636,-87.63784421,41.892042136,-87.63186395
01/01/2017 12:00:00 AM,01/01/2017 12:15:00 AM,660,6.1,16.75,41.899602111,-87.633308037,41.96581197,-87.655878786
12/31/2016 12:00:00 AM,12/31/2016 12:30:00 AM,1020,7.9,21.75,41.899602111,-87.633308037,41.986711799999995,-87.663416405
12/31/2016 12:00:00 AM,12/31/2016 12:15:00 AM,720,2.3,9.0,41.921778356,-87.641459759,41.949829346,-87.64396537
12/31/2016 12:00:00 AM,12/31/2016 12:00:00 AM,180,0.5,4.75,41.892042136,-87.63186395,41.892042136,-87.63186395
12/31/2016 12:00:00 AM,12/31/2016 12:15:00 AM,360,1.5,7.0,41.986711799999995,-87.663416405,41.975170943,-87.687515515
01/01/2017 12:00:00 AM,01/01/2017 12:30:00 AM,1680,0.1,14.0,41.892042136,-87.63186395,41.880994471,-87.632746489
01/01/2017 12:00:00 AM,01/01/2017 12:15:00 AM,960,3.6,13.0,41.892072635,-87.62887415700001,41.892196429,-87.68428940000001
12/31/2016 12:00:00 AM,12/31/2016 12:15:00 AM,540,1.8,8.0,41.88528132,-87.65723320000001,41.880994471,-87.632746489
01/01/2017 12:00:00 AM,01/01/2017 12:00:00 AM,420,1.3,6.75,41.922686284,-87.649488729,41.944226601,-87.655998182
01/01/2017 12:00:00 AM,01/01/2017 12:30:00 AM,1020,0.1,8.5,41.884987192,-87.620992913,41.884987192,-87.620992913
12/31/2016 12:00:00 AM,12/31/2016 12:15:00 AM,960,6.3,18.5,41.874005383000004,-87.66351755,41.835117986,-87.61867776700001
12/31/2016 12:00:00 AM,12/31/2016 12:15:00 AM,540,2.5,9.25,41.90749193,-87.63576009,41.929046936999995,-87.65131087700001
12/31/2016 12:00:00 AM,12/31/2016 12:15:00 AM,300,1.4,6.5,41.901206994,-87.676355989,41.92276062,-87.69915534299999
01/01/2017 12:00:00 AM,01/01/2017 12:00:00 AM,360,0.0,5.5,41.892507781,-87.626214906,41.884987192,-87.620992913
12/31/2016 12:00:00 AM,12/31/2016 12:15:00 AM,660,6.3,18.0,41.96581197,-87.655878786,41.899602111,-87.633308037
12/31/2016 12:00:00 AM,12/31/2016 12:00:00 AM,480,1.3,7.5,41.891971508000005,-87.612945414,41.884987192,-87.620992913
01/01/2017 12:00:00 AM,01/01/2017 12:00:00 AM,720,3.7,13.5,41.922686284,-87.649488729,41.878865584,-87.625192142
01/01/2017 12:00:00 AM,01/01/2017 12:15:00 AM,360,0.0,5.75,41.884987192,-87.620992913,41.892042136,-87.63186395
12/31/2016 12:00:00 AM,12/31/2016 12:15:00 AM,600,2.1,9.25,41.905857769,-87.63086502700001,41.914747305,-87.654007029
01/01/2017 12:00:00 AM,01/01/2017 12:00:00 AM,0,0.0,3.25,41.885300021999996,-87.642808466,41.885300021999996,-87.642808466
01/01/2017 12:00:00 AM,01/01/2017 12:15:00 AM,1320,7.9,23.0,41.899602111,-87.633308037,41.794090253,-87.592310855
12/31/2016 12:00:00 AM,12/31/2016 12:00:00 AM,420,1.0,6.25,41.944226601,-87.655998182,41.944226601,-87.655998182
12/31/2016 12:00:00 AM,12/31/2016 12:00:00 AM,660,3.6,12.0,41.899602111,-87.633308037,41.901206994,-87.676355989
01/01/2017 12:00:00 AM,01/01/2017 12:00:00 AM,420,0.2,5.75,41.892507781,-87.626214906,41.892072635,-87.62887415700001
01/01/2017 12:00:00 AM,01/01/2017 12:00:00 AM,180,0.3,4.25,41.899155613000005,-87.626210532,41.899155613000005,-87.626210532
01/01/2017 12:00:00 AM,01/01/2017 12:15:00 AM,300,0.6,5.5,41.899602111,-87.633308037,41.899602111,-87.633308037
01/01/2017 12:00:00 AM,01/01/2017 12:30:00 AM,1320,4.9,16.25,41.944226601,-87.655998182,41.901206994,-87.676355989
12/31/2016 12:00:00 AM,12/31/2016 12:15:00 AM,480,2.3,8.75,41.947791586,-87.683834942,41.944226601,-87.655998182
01/01/2017 12:00:00 AM,01/01/2017 12:30:00 AM,1500,11.3,31.0,41.878865584,-87.625192142,41.769778059000004,-87.726929842
12/31/2016 12:00:00 AM,12/31/2016 12:30:00 AM,1560,18.4,45.5,41.97907082,-87.90303966100001,41.880994471,-87.632746489
01/01/2017 12:00:00 AM,01/01/2017 12:00:00 AM,360,1.4,7.0,41.900069603,-87.720918238,41.900069603,-87.720918238
01/01/2017 12:00:00 AM,01/01/2017 12:00:00 AM,180,0.7,5.0,41.880994471,-87.632746489,41.88528132,-87.65723320000001
01/01/2017 12:00:00 AM,01/01/2017 12:00:00 AM,240,0.0,4.5,41.900221297,-87.629105186,41.892042136,-87.63186395
01/01/2017 12:00:00 AM,01/01/2017 12:00:00 AM,420,3.3,11.0,41.899602111,-87.633308037,41.944226601,-87.655998182
01/01/2017 12:00:00 AM,01/01/2017 12:30:00 AM,1320,0.0,12.5,41.877406123,-87.62197165200001,41.892507781,-87.626214906
12/31/2016 12:00:00 AM,12/31/2016 12:15:00 AM,180,0.0,5.75,41.884987192,-87.620992913,41.885300021999996,-87.642808466
12/31/2016 12:00:00 AM,12/31/2016 12:15:00 AM,1020,5.1,16.75,41.899602111,-87.633308037,41.900069603,-87.720918238
12/31/2016 12:00:00 AM,12/31/2016 12:15:00 AM,480,2.7,9.75,41.947791586,-87.683834942,41.901206994,-87.676355989
01/01/2017 12:00:00 AM,01/01/2017 12:00:00 AM,60,0.0,3.25,41.890922026,-87.618868355,41.890922026,-87.618868355
12/31/2016 12:00:00 AM,12/31/2016 12:00:00 AM,300,1.0,6.0,41.88528132,-87.65723320000001,41.89321636,-87.63784421
01/01/2017 12:00:00 AM,01/01/2017 12:15:00 AM,420,0.0,6.0,41.892042136,-87.63186395,41.900265687,-87.63210922
12/31/2016 12:00:00 AM,12/31/2016 12:15:00 AM,900,0.2,13.0,41.92276062,-87.69915534299999,41.944226601,-87.655998182
12/31/2016 12:00:00 AM,12/31/2016 12:15:00 AM,840,2.2,10.5,41.885300021999996,-87.642808466,41.898331794,-87.620762865
01/01/2017 12:00:00 AM,01/01/2017 12:00:00 AM,120,0.2,4.0,41.892507781,-87.626214906,41.892507781,-87.626214906
12/31/2016 12:00:00 AM,12/31/2016 12:15:00 AM,480,1.3,7.5,41.942691844,-87.65177050700001,41.921854911,-87.64621097700001
12/31/2016 12:00:00 AM,12/31/2016 12:00:00 AM,480,0.9,6.75,42.001571027,-87.695012589,42.001571027,-87.695012589
12/31/2016 12:00:00 AM,12/31/2016 12:00:00 AM,275,0.97,5.75,41.922686284,-87.649488729,41.944226601,-87.655998182
12/31/2016 12:00:00 AM,12/31/2016 12:15:00 AM,420,0.0,7.75,41.88528132,-87.65723320000001,41.89321636,-87.63784421
12/31/2016 12:00:00 AM,12/31/2016 12:15:00 AM,660,0.2,13.25,41.899155613000005,-87.626210532,41.949829346,-87.64396537
01/01/2017 12:00:00 AM,01/01/2017 12:30:00 AM,1320,5.0,17.25,41.899602111,-87.633308037,41.944226601,-87.655998182
01/01/2017 12:00:00 AM,01/01/2017 12:30:00 AM,1020,6.3,19.75,41.899602111,-87.633308037,41.953582125,-87.72345239
12/31/2016 12:00:00 AM,12/31/2016 12:15:00 AM,420,1.9,8.25,41.908378669,-87.670945075,41.90749193,-87.63576009
01/01/2017 12:00:00 AM,01/01/2017 12:15:00 AM,180,0.0,4.25,41.892072635,-87.62887415700001,41.892042136,-87.63186395
12/31/2016 12:00:00 AM,12/31/2016 12:00:00 AM,540,2.9,10.75,41.899602111,-87.633308037,41.874005383000004,-87.66351755
12/31/2016 12:00:00 AM,12/31/2016 12:15:00 AM,540,2.3,9.0,41.947791586,-87.683834942,41.922686284,-87.649488729
12/31/2016 12:00:00 AM,12/31/2016 12:15:00 AM,180,0.0,4.75,41.905857769,-87.63086502700001,41.907520075,-87.62665890000001
12/31/2016 12:00:00 AM,12/31/2016 12:00:00 AM,360,0.0,6.5,41.884987192,-87.620992913,41.892042136,-87.63186395
12/31/2016 12:00:00 AM,12/31/2016 12:15:00 AM,456,1.35,7.0,41.890922026,-87.618868355,41.880994471,-87.632746489
12/31/2016 12:00:00 AM,12/31/2016 12:15:00 AM,780,2.1,10.25,41.879255084,-87.642648998,41.899155613000005,-87.626210532
12/31/2016 12:00:00 AM,12/31/2016 12:15:00 AM,540,2.5,9.0,41.96581197,-87.655878786,41.947791586,-87.683834942
12/31/2016 12:00:00 AM,12/31/2016 12:00:00 AM,360,1.6,7.25,41.891971508000005,-87.612945414,41.884987192,-87.620992913
01/01/2017 12:00:00 AM,01/01/2017 12:00:00 AM,420,0.6,6.0,41.892507781,-87.626214906,41.880994471,-87.632746489
12/31/2016 12:00:00 AM,12/31/2016 12:00:00 AM,300,0.0,6.25,41.880994471,-87.632746489,41.89830587,-87.65361398200001
01/01/2017 12:00:00 AM,01/01/2017 12:30:00 AM,1620,5.9,19.25,41.899602111,-87.633308037,41.901206994,-87.676355989
12/31/2016 12:00:00 AM,12/31/2016 12:00:00 AM,720,5.4,15.75,41.922686284,-87.649488729,41.96581197,-87.655878786
12/31/2016 12:00:00 AM,12/31/2016 12:00:00 AM,0,0.0,3.25,41.901206994,-87.676355989,41.901206994,-87.676355989
01/01/2017 12:00:00 AM,01/01/2017 12:00:00 AM,0,0.0,3.25,41.880994471,-87.632746489,41.880994471,-87.632746489
12/31/2016 12:00:00 AM,12/31/2016 12:00:00 AM,366,0.99,6.25,41.892042136,-87.63186395,41.884987192,-87.620992913
12/31/2016 12:00:00 AM,12/31/2016 12:00:00 AM,540,2.0,8.25,41.89321636,-87.63784421,41.922082541,-87.63415609299999
12/31/2016 12:00:00 AM,12/31/2016 12:00:00 AM,60,0.5,4.25,41.922686284,-87.649488729,41.922686284,-87.649488729
01/01/2017 12:00:00 AM,01/01/2017 12:00:00 AM,0,0.0,3.25,41.892072635,-87.62887415700001,41.892072635,-87.62887415700001
12/31/2016 12:00:00 AM,12/31/2016 12:15:00 AM,480,0.7,6.25,41.892507781,-87.626214906,41.892042136,-87.63186395
12/31/2016 12:00:00 AM,12/31/2016 12:30:00 AM,1560,13.3,35.25,41.785998518,-87.750934289,41.905857769,-87.63086502700001
12/31/2016 12:00:00 AM,12/31/2016 12:00:00 AM,360,0.0,6.75,41.892507781,-87.626214906,41.87101588,-87.631406525
01/01/2017 12:00:00 AM,01/01/2017 12:15:00 AM,360,1.3,6.75,41.892042136,-87.63186395,41.870607371999995,-87.622172937
01/01/2017 12:00:00 AM,01/01/2017 12:15:00 AM,600,6.0,17.25,41.878865584,-87.625192142,41.808916283,-87.596183344
01/01/2017 12:00:00 AM,01/01/2017 12:00:00 AM,480,1.7,7.75,41.842076117,-87.63397342200001,41.850266366,-87.66756931200001
01/01/2017 12:00:00 AM,01/01/2017 12:00:00 AM,300,0.2,5.25,41.898331794,-87.620762865,41.89503345,-87.61971067200001
01/01/2017 12:00:00 AM,01/01/2017 12:30:00 AM,1620,7.2,22.75,41.892042136,-87.63186395,41.949829346,-87.64396537
01/01/2017 12:00:00 AM,01/01/2017 01:00:00 AM,3360,7.1,31.5,41.878865584,-87.625192142,41.96581197,-87.655878786
01/01/2017 12:00:00 AM,01/01/2017 12:15:00 AM,600,2.4,9.75,41.874005383000004,-87.66351755,41.901206994,-87.676355989
12/31/2016 12:00:00 AM,12/31/2016 12:15:00 AM,660,2.2,9.5,41.942691844,-87.65177050700001,41.957735565,-87.68371810200001
12/31/2016 12:00:00 AM,12/31/2016 12:15:00 AM,720,0.0,12.75,42.001571027,-87.695012589,41.978829526,-87.77116670299999
12/31/2016 12:00:00 AM,12/31/2016 12:00:00 AM,300,0.0,6.0,41.892507781,-87.626214906,41.884987192,-87.620992913
01/01/2017 12:00:00 AM,01/01/2017 12:30:00 AM,1800,0.0,13.25,41.89321636,-87.63784421,41.892507781,-87.626214906
01/01/2017 12:00:00 AM,01/01/2017 12:15:00 AM,660,6.7,18.75,41.899602111,-87.633308037,41.986711799999995,-87.663416405
12/31/2016 12:00:00 AM,12/31/2016 12:15:00 AM,540,0.0,11.75,41.899602111,-87.633308037,41.944226601,-87.655998182
01/01/2017 12:00:00 AM,01/01/2017 12:15:00 AM,660,1.9,9.0,41.892042136,-87.63186395,41.88528132,-87.65723320000001
01/01/2017 12:00:00 AM,01/01/2017 12:15:00 AM,780,2.3,9.5,41.944226601,-87.655998182,41.96581197,-87.655878786
12/31/2016 12:00:00 AM,12/31/2016 12:00:00 AM,540,0.2,11.75,41.899602111,-87.633308037,41.92276062,-87.69915534299999
01/01/2017 12:00:00 AM,01/01/2017 12:00:00 AM,214,0.44,4.5,41.885300021999996,-87.642808466,41.879255084,-87.642648998
01/01/2017 12:00:00 AM,01/01/2017 12:15:00 AM,1260,1.9,11.5,41.890922026,-87.618868355,41.870607371999995,-87.622172937
01/01/2017 12:00:00 AM,01/01/2017 12:15:00 AM,900,4.4,14.5,41.944226601,-87.655998182,41.899602111,-87.633308037
01/01/2017 12:00:00 AM,01/01/2017 12:00:00 AM,300,0.0,6.5,41.874005383000004,-87.66351755,41.899602111,-87.633308037
12/31/2016 12:00:00 AM,12/31/2016 12:15:00 AM,300,0.9,5.75,41.936237179,-87.656411531,41.929077655,-87.646293476
01/01/2017 12:00:00 AM,01/01/2017 12:30:00 AM,2280,0.0,15.75,41.880994471,-87.632746489,41.892072635,-87.62887415700001
12/31/2016 12:00:00 AM,12/31/2016 12:15:00 AM,420,1.1,6.25,41.874005383000004,-87.66351755,41.878865584,-87.625192142
01/01/2017 12:00:00 AM,01/01/2017 12:00:00 AM,420,0.0,6.0,41.879255084,-87.642648998,41.880994471,-87.632746489
01/01/2017 12:00:00 AM,01/01/2017 12:00:00 AM,600,2.2,8.5,41.944226601,-87.655998182,41.944226601,-87.655998182
12/31/2016 12:00:00 AM,12/31/2016 12:00:00 AM,420,1.2,6.5,41.90749193,-87.63576009,41.892042136,-87.63186395
01/01/2017 12:00:00 AM,01/01/2017 12:15:00 AM,600,0.0,8.0,41.880994471,-87.632746489,41.88528132,-87.65723320000001
01/01/2017 12:00:00 AM,01/01/2017 12:30:00 AM,1740,9.7,28.75,41.878865584,-87.625192142,41.761577908,-87.57278198700001
01/01/2017 12:00:00 AM,01/01/2017 12:45:00 AM,2400,1.2,17.0,41.870607371999995,-87.622172937,41.884987192,-87.620992913
12/31/2016 12:00:00 AM,12/31/2016 12:15:00 AM,480,0.7,6.25,41.89503345,-87.61971067200001,41.892042136,-87.63186395
12/31/2016 12:00:00 AM,12/31/2016 12:15:00 AM,1080,8.5,23.0,41.808916283,-87.596183344,41.874005383000004,-87.66351755
01/01/2017 12:00:00 AM,01/01/2017 12:15:00 AM,300,0.0,5.0,41.899155613000005,-87.626210532,41.905857769,-87.63086502700001
01/01/2017 12:00:00 AM,01/01/2017 12:30:00 AM,1200,5.6,17.25,41.874005383000004,-87.66351755,41.947791586,-87.683834942
12/31/2016 12:00:00 AM,12/31/2016 12:00:00 AM,300,1.2,6.5,41.884987192,-87.620992913,41.880994471,-87.632746489
01/01/2017 12:00:00 AM,01/01/2017 12:00:00 AM,180,0.3,4.5,41.892042136,-87.63186395,41.892042136,-87.63186395
01/01/2017 12:00:00 AM,01/01/2017 12:30:00 AM,1020,0.0,9.25,41.880994471,-87.632746489,41.884987192,-87.620992913
12/31/2016 12:00:00 AM,12/31/2016 12:15:00 AM,720,0.0,11.25,41.944226601,-87.655998182,41.899602111,-87.633308037
01/01/2017 12:00:00 AM,01/01/2017 12:15:00 AM,780,4.5,14.0,41.900069603,-87.720918238,41.899602111,-87.633308037
12/31/2016 12:00:00 AM,12/31/2016 12:15:00 AM,600,2.3,9.5,41.884987192,-87.620992913,41.892658108,-87.652534484
01/01/2017 12:00:00 AM,01/01/2017 12:00:00 AM,540,1.0,6.75,41.892507781,-87.626214906,41.899155613000005,-87.626210532
01/01/2017 12:00:00 AM,01/01/2017 12:00:00 AM,360,1.2,6.5,41.88528132,-87.65723320000001,41.89321636,-87.63784421
01/01/2017 12:00:00 AM,01/01/2017 12:15:00 AM,180,0.8,5.0,41.938391258,-87.63857492,41.92926299,-87.63589095399999
12/31/2016 12:00:00 AM,12/31/2016 12:00:00 AM,480,1.5,7.5,41.88528132,-87.65723320000001,41.892507781,-87.626214906
01/01/2017 12:00:00 AM,01/01/2017 12:15:00 AM,1200,1.0,40.75,41.874005383000004,-87.66351755,41.689729914000004,-87.66905440299999
12/31/2016 12:00:00 AM,12/31/2016 12:00:00 AM,420,0.1,9.25,41.901206994,-87.676355989,41.874005383000004,-87.66351755
01/01/2017 12:00:00 AM,01/01/2017 12:00:00 AM,540,0.0,6.0,41.884987192,-87.620992913,41.884987192,-87.620992913
12/31/2016 12:00:00 AM,12/31/2016 12:00:00 AM,180,0.0,5.25,41.891971508000005,-87.612945414,41.898331794,-87.620762865
12/31/2016 12:00:00 AM,12/31/2016 12:30:00 AM,1920,13.4,35.5,41.899602111,-87.633308037,41.899602111,-87.633308037
12/31/2016 12:00:00 AM,12/31/2016 12:15:00 AM,300,0.0,5.5,41.90749193,-87.63576009,41.900265687,-87.63210922
12/31/2016 12:00:00 AM,12/31/2016 12:00:00 AM,300,1.1,6.25,41.944226601,-87.655998182,41.944226601,-87.655998182
12/31/2016 12:00:00 AM,12/31/2016 12:15:00 AM,1020,3.5,12.75,41.878865584,-87.625192142,41.901206994,-87.676355989
01/01/2017 12:00:00 AM,01/01/2017 12:30:00 AM,2040,2.0,15.75,41.899602111,-87.633308037,41.878865584,-87.625192142
12/31/2016 12:00:00 AM,12/31/2016 12:00:00 AM,240,0.5,4.75,41.89503345,-87.61971067200001,41.890922026,-87.618868355
12/31/2016 12:00:00 AM,12/31/2016 12:15:00 AM,660,0.0,10.5,41.900221297,-87.629105186,41.906025969,-87.67531162200001
12/31/2016 12:00:00 AM,12/31/2016 12:15:00 AM,780,3.1,11.5,41.874005383000004,-87.66351755,41.922686284,-87.649488729
12/31/2016 12:00:00 AM,12/31/2016 12:00:00 AM,300,0.6,5.25,41.892042136,-87.63186395,41.89321636,-87.63784421
12/31/2016 12:00:00 AM,12/31/2016 12:00:00 AM,0,0.0,3.25,42.001571027,-87.695012589,42.001571027,-87.695012589
12/31/2016 12:00:00 AM,12/31/2016 12:15:00 AM,1080,3.7,13.5,41.857183858,-87.620334624,41.899602111,-87.633308037
12/31/2016 12:00:00 AM,12/31/2016 12:15:00 AM,900,5.5,16.5,41.899602111,-87.633308037,41.944226601,-87.655998182
01/01/2017 12:00:00 AM,01/01/2017 12:30:00 AM,1980,3.4,16.75,41.880994471,-87.632746489,41.89503345,-87.61971067200001
12/31/2016 12:00:00 AM,12/31/2016 12:15:00 AM,900,0.1,11.5,41.899602111,-87.633308037,41.922686284,-87.649488729
12/31/2016 12:00:00 AM,12/31/2016 12:00:00 AM,300,0.0,7.25,41.899602111,-87.633308037,41.901206994,-87.676355989
12/31/2016 12:00:00 AM,12/31/2016 12:15:00 AM,1020,1.9,10.5,41.899602111,-87.633308037,41.899602111,-87.633308037
01/01/2017 12:00:00 AM,01/01/2017 12:15:00 AM,1020,1.5,10.25,41.880994471,-87.632746489,41.899155613000005,-87.626210532
01/01/2017 12:00:00 AM,01/01/2017 12:15:00 AM,240,0.8,5.5,41.944226601,-87.655998182,41.944226601,-87.655998182
01/01/2017 12:00:00 AM,01/01/2017 12:00:00 AM,0,0.0,3.25,41.986711799999995,-87.663416405,41.986711799999995,-87.663416405
12/31/2016 12:00:00 AM,12/31/2016 12:30:00 AM,1080,11.8,29.75,41.785998518,-87.750934289,41.89321636,-87.63784421
12/31/2016 12:00:00 AM,12/31/2016 12:15:00 AM,420,1.4,7.0,41.874005383000004,-87.66351755,41.901206994,-87.676355989
12/31/2016 12:00:00 AM,12/31/2016 12:00:00 AM,180,0.7,5.0,41.944226601,-87.655998182,41.944226601,-87.655998182
01/01/2017 12:00:00 AM,01/01/2017 12:15:00 AM,1090,3.28,13.0,41.892072635,-87.62887415700001,41.93057857,-87.64220631299999
12/31/2016 12:00:00 AM,12/31/2016 12:00:00 AM,300,0.0,5.5,41.892042136,-87.63186395,41.885300021999996,-87.642808466
01/01/2017 12:00:00 AM,01/01/2017 12:00:00 AM,660,2.7,10.0,42.001571027,-87.695012589,41.96581197,-87.655878786
01/01/2017 12:00:00 AM,01/01/2017 12:15:00 AM,1020,3.8,13.25,41.944226601,-87.655998182,41.901206994,-87.676355989
01/01/2017 12:00:00 AM,01/01/2017 12:00:00 AM,480,1.4,7.5,41.880994471,-87.632746489,41.89321636,-87.63784421
01/01/2017 12:00:00 AM,01/01/2017 12:00:00 AM,60,0.4,4.0,41.906025969,-87.67531162200001,41.906025969,-87.67531162200001
01/01/2017 12:00:00 AM,01/01/2017 12:30:00 AM,1380,1.4,11.75,41.885300021999996,-87.642808466,41.892507781,-87.626214906
01/01/2017 12:00:00 AM,01/01/2017 12:15:00 AM,1200,12.0,31.25,41.874005383000004,-87.66351755,42.001571027,-87.695012589
